driverId,name,ssn,location,certified,wage-plan
10,Heather Petersen,052-17-3053,"74732 Megan Canyon Apt. 213
Chelseaport, PW 48315",N,hours
11,Joanne Nichols,376-82-4026,"79273 Sarah Gardens Suite 767
East Melindaville, PA 21635",N,miles
12,Natasha Martinez,855-97-9978,"52914 Harrison Summit Suite 712
Parkerhaven, NM 92847",Y,miles
13,Natasha Osborn,418-12-8614,"1066 Julia Falls
West Robertside, MP 53279",Y,miles
14,Luis Richardson,610-36-5243,"44516 Preston Dale
Port Eric, IL 98175",N,hours
15,Leah Jones,653-52-9410,"4194 Nathan Canyon Apt. 073
Lindseymouth, NC 13024",Y,miles
16,Theresa Cox,156-14-1506,"5593 Duffy Lock Suite 736
Apriltown, IN 58527",Y,hours
17,Bryan Simpson,019-73-7128,"6903 Cassidy Camp Suite 264
East Aaron, HI 15327",Y,hours
18,Curtis Webster,673-89-5917,"3244 Williams Trace Suite 493
Zimmermanburgh, AR 08071",N,miles
19,Justin Boyd,150-57-1375,"30212 Joseph Isle Suite 344
Lake Ellen, OR 95819",N,miles
20,Gregory Ayers,239-63-7696,"834 Steven Crossing
Batesmouth, MI 32722",N,hours
21,Diana Williams,438-31-6009,"70622 Tony Vista Suite 606
Perezfort, NH 30801",Y,hours
22,Chris Contreras,752-33-2306,"146 Juan Road
North Jenny, PA 37194",Y,miles
23,Heather Williams,558-24-7262,"68540 Hannah Cliffs Suite 877
Lake Candice, OR 98708",N,miles
24,Adam Daniels,384-83-0080,"8678 Jordan Branch
New Andreabury, TN 47745",Y,miles
25,Clinton Lopez,561-45-5782,"PSC 0436, Box 7965
APO AA 39843",N,miles
26,Joel Gutierrez,699-83-7261,"50323 Burton Wells Suite 298
Marshalltown, MS 18069",Y,hours
27,Michael Young,634-94-3910,"564 Lisa Vista
West Amy, GU 88219",Y,miles
28,Sandy Rogers,578-02-2555,"568 John Keys
Robertbury, TN 29608",Y,hours
29,Daniel Hansen,696-55-9700,"14548 Donald Shore
New Erinfurt, NE 15357",N,hours
30,Christopher Nguyen,467-33-5492,"25615 Steven Garden Apt. 853
Mathewsburgh, AR 21341",Y,hours
31,Paul Graham,072-19-1372,"785 Mccoy Valley Suite 853
Piercemouth, ND 03908",Y,miles
32,Andrew Jackson,028-95-5487,"8347 Jennifer Estate
Carriebury, WI 45918",N,hours
33,Angelica Skinner,166-25-9601,"94607 Peter Plaza Suite 217
North Stephanie, FL 46797",N,hours
34,Mike Carpenter,866-14-7320,"5073 Martinez Crossroad
Lake Sabrina, AK 08814",Y,miles
35,Deborah Hardy,433-23-2459,"181 Nancy Islands
Schaeferhaven, NJ 22475",N,hours
36,Stacy Carter,632-70-7496,"221 Brian Fields Apt. 172
Vincentport, WI 89677",Y,hours
37,Samantha Dalton,341-67-3211,"8686 Wilson Courts Apt. 179
Pittmanville, MN 12153",N,miles
38,Sheila Hicks,653-95-0193,"927 Walters Freeway
South Brian, MD 04402",Y,hours
39,Cole Hubbard,771-54-5760,"4039 Jones Roads Apt. 712
Port Daniel, WY 15669",N,hours
40,Johnathan Lamb,316-12-6008,"55459 Scott Cape
New Lindsay, KY 26594",N,hours
41,Seth Ferguson,478-23-6829,"3849 Jessica Rue Apt. 135
North Shaun, MO 48890",Y,hours
42,Kelly Anderson,568-07-4720,"04098 Wendy Drives
Melissafort, AR 71131",Y,hours
43,Candace Cross,035-26-4126,"44516 Allen Points Suite 678
Colemouth, IN 67971",N,miles
44,Chad Williams,155-50-4244,"77968 Garcia Springs
North Laura, IA 81603",Y,hours
45,Alexander Dean,008-18-6572,"5475 James Track
Loweport, DE 13813",N,hours
46,Michael Nunez,717-73-3997,"737 Salinas Locks
Ronaldtown, OK 63947",Y,hours
47,Christopher Cooley,011-86-8017,"898 Seth Street
South Tina, NM 12703",N,hours
48,Jerry Cannon,036-24-4158,"315 Alice Extensions
Pughview, NM 43940",Y,miles
49,Matthew Browning,452-55-3835,"073 Meredith Rapid
Parkerstad, OR 69609",Y,hours
50,Peter Haas,386-12-5984,"87031 Jackson Station
Padillafort, CT 14787",Y,miles
51,Larry Moore,023-48-0898,"8452 Bond Viaduct Apt. 335
West Alejandro, OR 37206",N,hours
52,Andrew Hall,743-97-5303,"2303 Ryan Cape
Lake Maria, MT 55437",N,miles
53,William Gonzalez,690-48-9964,"44207 Taylor Groves
Port Karl, DC 69084",N,hours
54,Melissa Griffith,449-18-3384,"5738 Nguyen Knoll Suite 183
South Chelsea, MI 36492",N,miles
55,Karen Cox,695-99-9651,"5912 Austin Canyon
Fosterburgh, SD 89250",N,hours
56,Shawn Miller,833-14-0844,"USNV Williams
FPO AE 85144",Y,hours
57,Jimmy Harris,722-26-9134,"808 Kristen Port Suite 721
Port Eric, WY 47027",Y,miles
58,Molly Bernard,038-32-9277,"76303 Murphy Fields Apt. 276
Port William, SD 83815",N,hours
59,Kelly Acosta,762-16-4019,"3527 Tamara Mountains
West Justin, PA 88665",Y,hours
60,Mrs. Jennifer Wells,768-96-4774,"54124 Rodriguez Motorway Apt. 054
West Christopher, NC 37450",Y,miles
61,Brian Sullivan,077-72-2899,"1247 Helen Oval Suite 939
Annshire, MO 06776",N,hours
62,Richard Suarez,012-71-2052,"Unit 8041 Box 6609
DPO AA 40947",Y,miles
63,Rebecca Johnson,028-98-8125,"680 Newman Locks
Lake Jasmine, PW 50290",N,miles
64,Brittney Osborne,323-02-7168,"PSC 0979, Box 8148
APO AA 95224",N,hours
65,Tabitha Rocha,156-66-1519,"827 Hansen Springs
Coleberg, NE 75166",N,hours
66,Wendy Hughes,670-20-7737,"9846 Martinez Garden
Port Carlafort, OR 08780",N,miles
67,Wendy Hamilton,106-74-3191,"77328 Smith Road
North Cassieborough, PW 16733",N,hours
68,Kyle Torres,777-23-8108,"62726 Jonathan Fort Suite 600
Kimburgh, MN 55261",N,hours
69,Michelle Mcconnell,627-10-4290,"666 Johnson Light
East Christopher, NM 62578",N,hours
70,Calvin Rhodes,875-88-9976,"24773 Price Port Suite 178
Medinaside, FM 90712",Y,miles
71,Justin Zhang,134-48-1257,"2982 Michelle Springs Suite 727
Lake Tammy, IN 92322",N,miles
72,Jacqueline Jones,092-07-5545,"430 April Isle
Ryanhaven, GU 66005",N,hours
73,Stephanie Hamilton,203-85-8783,"901 Melissa Ports
Lake John, MP 71280",N,hours
74,Jean Williamson,406-75-4126,"0646 Shelley Via
Port Jasminehaven, RI 54211",Y,miles
75,Sarah Baker,077-96-0398,"461 Lauren Knolls
Port Melindaville, MT 14256",N,miles
76,Jamie Ward,294-16-7179,"14646 Margaret Mountain
Lake Brianview, NH 69248",N,hours
77,Alison Robinson,788-98-6892,"PSC 4901, Box 7896
APO AP 13427",Y,hours
78,Lauren Herman DVM,219-24-9668,"474 Rivera Station Suite 292
Kimside, KY 05661",N,hours
79,James Bennett,792-66-8087,"5311 Robertson Crossing Apt. 281
Port Pamelaberg, NJ 01645",N,hours
80,Ryan Craig,257-34-3817,"USS Salinas
FPO AE 34070",Y,miles
81,Brittany White,300-24-3844,"567 Wright Roads
North William, NM 42706",Y,miles
82,Paul Smith,223-85-4087,"205 Sharon Run Suite 143
North Kyle, HI 57484",Y,hours
83,Heidi Patterson,467-63-9317,"88996 Skinner Keys Apt. 151
Christopherburgh, MS 04853",Y,miles
84,Kelly Smith,018-78-1835,"94388 Donald Plaza Apt. 484
Davidmouth, KY 91589",Y,miles
85,Emily Farrell,826-71-2949,"8627 Garner Shore Apt. 607
West Angelaborough, MT 28450",N,miles
86,Ryan Garcia,104-70-8869,"5846 Alvarez Harbors
West Kaylee, VA 01117",N,miles
87,Robert Parker,014-42-1520,"987 David Extensions Suite 709
New Johnnyview, NC 22396",Y,miles
88,Madison Clarke,461-15-6908,"697 Maria Loop
Port Omar, MT 38588",N,hours
89,Omar Brown,346-38-2265,"5634 Reyes Stream Suite 755
Kristenside, MI 22429",Y,miles
90,Johnny Keller,413-43-4664,"34740 Hamilton Spurs
Smithland, IL 34858",N,hours
91,James Chavez,711-14-5358,"56456 Travis Rue
Lake Jennifer, NE 68889",N,hours
92,Christine Palmer,865-86-1983,"Unit 8859 Box 7186
DPO AP 29239",N,hours
93,Gregory Adams,627-04-0545,"38330 Sanchez View
Johnborough, AR 14239",N,miles
94,Laura King,396-28-0737,"656 Hoffman Expressway Apt. 792
New Jamie, MS 68333",Y,hours
95,Donald Barron,866-09-9507,"9614 Nicholas Crest
Latoyaside, AL 10210",Y,miles
96,Lorraine Walter,702-52-3188,"06272 Evans Stravenue
West Danielle, WA 20244",N,miles
97,Tiffany Hahn,691-08-5915,"44871 Moore Run Apt. 238
Oliviachester, AZ 57843",Y,miles
98,Alexander Contreras,373-39-0891,"70191 Elizabeth Dale
New Hollymouth, SC 79715",N,miles
99,Adrian Brown,274-83-4661,"619 Lisa Isle Suite 647
Lake Wesleychester, NH 18776",Y,miles
100,Katrina Clark,880-64-9299,"PSC 2782, Box 8636
APO AE 14426",Y,miles
101,Ebony Gibbs,482-76-8594,"99811 Brown Flats Suite 660
Lake Michael, DE 77880",N,hours
102,Jason Clayton,631-36-3909,"04132 Davenport Keys Suite 739
South Sonya, LA 77009",N,miles
103,Nicole Peters,042-58-6139,"Unit 2908 Box 8326
DPO AA 93521",Y,miles
104,Stephanie Ward,782-73-5676,"4756 Christopher Burg Suite 601
Aprilview, CA 66925",N,miles
105,Beth Lee,749-17-3065,"988 Shawn Route Suite 510
Penamouth, RI 14978",N,miles
106,Monica Hopkins,216-26-9607,"194 Danielle Pike Suite 794
Harrisport, NM 42583",Y,miles
107,Sarah Parker,717-68-0696,"199 Ryan Shoals Apt. 140
Taylortown, TN 05375",N,miles
108,Jacqueline Sanchez,567-26-7725,"57040 Anita Walk Suite 877
Travisport, RI 80088",N,miles
109,Charles Lawrence,692-36-4152,"3637 Joshua Ville Suite 624
Port Randy, IL 50594",Y,miles
110,Deanna Wood,672-82-6006,"USNV Smith
FPO AP 72209",N,hours
111,Carol Briggs,315-65-1967,"42725 Derek Station Apt. 238
Judybury, RI 74652",Y,miles
112,Christopher Wright,868-58-1841,"919 Moses Estate
West Lisafurt, CO 59845",Y,miles
113,Gary Harrison,754-15-8315,"06979 Brittney Shoal
Lozanoside, CA 16897",N,miles
114,Taylor Finley,802-72-4640,"433 Mcdonald Mission Apt. 196
Sosaborough, CT 61470",N,miles
115,David Sullivan,554-85-1762,"785 Latoya Stravenue
Popefurt, AL 50607",N,miles
116,Ronald Williams,458-83-7103,"5247 Heather Ferry
South Lydiaside, MA 69868",Y,hours
117,Dalton Reid,500-33-0886,"8661 Angela Run
Port Robertashire, TX 85624",N,miles
118,David Nash,875-23-9350,"97824 John Forest Apt. 950
New Carol, NE 52208",N,hours
119,Steven Walter,154-41-0233,"05049 Valerie Locks Suite 856
Port Nicholasside, IA 93789",Y,miles
120,Frank Jones,357-35-9895,"2091 Rebecca Plains
North Phillip, AL 14498",Y,miles
121,Angela Yoder,612-62-3064,"85728 Landry Freeway
Lake Courtney, WY 81917",N,miles
122,Frank Barker,199-12-4274,"14369 Eddie Extensions
Port William, OK 85537",Y,miles
123,Carol Byrd,313-85-3181,"USS Levine
FPO AA 10808",N,miles
124,Kevin Cantu,011-64-4573,"999 Ashley Turnpike
South Patriciafort, MP 55309",N,miles
125,Jeremy Bailey,129-70-5198,"88082 Marshall Pass Suite 615
Tuckerberg, ME 85937",Y,miles
126,Gregory Robinson,134-34-1551,"708 Rachael Skyway
Christinashire, GU 36794",Y,hours
127,Timothy Huynh,044-34-4884,"88715 Jones Flats
Lake Barbaraville, PA 55396",Y,miles
128,Randall Jordan,041-94-7208,"69606 Graham Cove Apt. 532
Haleside, WI 58945",N,miles
129,Morgan Wilson,048-29-9363,"70755 Long Alley
Beanmouth, HI 86199",Y,hours
130,Judy Robinson,746-49-6942,"674 Doyle Forges
Deborahton, WI 59099",Y,hours
131,Sarah Blackburn,642-23-0803,"USS Wilson
FPO AP 91817",Y,hours
132,Adrian Thompson,576-09-6940,"892 Allen Stravenue
Christophermouth, RI 11711",N,hours
133,Brent Boone,177-68-8532,"1753 Dennis Turnpike Apt. 518
North Nicholas, TX 86607",N,miles
134,Lori Smith,421-60-7052,"1784 Justin Knolls Suite 198
Joshualand, AS 81162",Y,hours
135,Jacqueline Anderson,607-47-5399,"736 Elizabeth Drive
East Lisahaven, PA 17676",Y,hours
136,Adam Flowers,212-70-8089,"344 Stewart Pike
New Norma, GA 98908",N,miles
137,Kevin Potts,239-27-0498,"62189 Michael Rapids
Port Jasonmouth, PR 63207",N,hours
138,Gregory Johnson,667-23-8497,"301 Thomas Spring
West Ryanhaven, VA 63152",N,hours
139,Roger Richards,266-72-4370,"8490 Steve Forest Apt. 269
Nancyborough, WY 93524",N,hours
140,Danny Crosby,318-92-1018,"554 Gabriel Burgs
Christopherfurt, WA 96536",Y,miles
141,Todd Robinson,181-69-0017,"9097 Andersen Lodge Suite 591
Matthewview, DE 84237",Y,hours
142,Timothy Howell,219-16-4506,"USNS Freeman
FPO AA 83992",N,miles
143,Jennifer Charles,448-96-5579,"548 James Well Apt. 850
Smithfort, FL 02923",Y,hours
144,Cheryl Thomas,871-45-3103,"50915 Grimes Corner
East Davidburgh, KS 06453",N,hours
145,Charles Cook,790-42-8808,"289 Jacob Roads
Mendozaview, MS 80718",Y,miles
146,Brittany Williams,806-46-0265,"3166 Shaw Hill
Mckenzieville, FL 28611",N,miles
147,Melinda Small,504-43-1564,"55942 Williams Village
Vincenthaven, CA 53119",Y,hours
148,Joshua Mcfarland,389-81-3945,"0832 Stephanie Crest Suite 798
Morrisonfurt, OK 65648",N,hours
149,Latasha Thomas,651-08-4942,"35830 Amber Motorway Suite 252
New Heatherfurt, WI 22186",N,hours
150,Misty Reynolds,480-46-2197,"40738 Mandy Vista
New William, KY 55178",Y,hours
151,Teresa Rocha,040-40-2210,"7017 Dakota Meadows Suite 561
Davidmouth, CT 11911",N,hours
152,Thomas Morris,270-02-1110,"13808 Ellis Expressway Apt. 167
Davilaburgh, NM 09172",Y,miles
153,Shari Nelson,065-26-0182,"4145 Moses Bridge Suite 967
Chapmanmouth, GA 26977",N,miles
154,William Vasquez,623-44-0006,"1138 Jennings Shoal
Juliemouth, AS 45669",N,miles
155,Amy Johnson,670-37-0008,"885 Kevin Ranch
Davisstad, PR 67159",N,miles
156,Fernando Carr,808-59-8125,"3136 Christian Road Suite 942
Griffinburgh, HI 58958",N,hours
157,Andrew Stewart,468-47-0471,"2425 Murray Greens
Parsonsborough, MS 82121",N,hours
158,Lynn Gardner,475-45-4160,"48802 Christine Curve Suite 306
Grayview, NH 48960",Y,hours
159,Justin Liu,544-83-6253,"PSC 6106, Box 8857
APO AA 36214",Y,miles
160,Scott Murillo,119-83-2089,"031 Gonzalez Stream
Kevinmouth, AS 46327",Y,hours
161,Alexander Peters,639-73-3552,"23289 Ryan Divide
Mclaughlinborough, NV 56830",Y,miles
162,Douglas Smith,272-45-0538,"9745 Wayne Skyway Apt. 443
Watersville, MO 31376",N,miles
163,Willie French,310-16-9507,"35780 Cameron Path Suite 089
South Garyville, SD 75201",N,miles
164,Kathryn Hammond,411-31-6997,"PSC 2274, Box 0071
APO AP 83075",Y,miles
165,Zachary Rogers,760-44-8756,"265 Ford Greens
Lauraland, MH 31154",Y,hours
166,Matthew Green,441-82-2210,"2498 Avila Grove Suite 413
Port Pamelafort, NV 26033",Y,miles
167,Mary Cervantes,897-45-2082,"731 Aguirre Coves Apt. 212
South Danielstad, KS 02477",N,hours
168,Tara Allen,218-88-6217,"83460 Danny Keys Apt. 770
East William, ME 99018",N,miles
169,Alexis Wall,069-19-3424,"8772 Sarah Field Apt. 896
New Jeremy, RI 18685",Y,hours
170,Jessica Berg,725-30-2766,"8236 William Neck
North Codyborough, NE 43618",N,miles
171,Jessica Rubio,788-91-3695,"006 Brown Unions
Mendezburgh, LA 78899",N,miles
172,Lisa Peterson,658-73-7455,"2532 Glenn Mountain Suite 433
Kevinberg, FM 32538",Y,miles
173,Elizabeth Brooks,071-63-0663,"13184 Tate Turnpike Suite 959
Port Gregoryfurt, MO 06279",N,hours
174,Jeremiah Robinson,719-05-9047,"8392 Russell Viaduct Apt. 236
Weberport, AR 23654",Y,miles
175,Scott Norris,748-97-9546,"763 Sandoval Courts Apt. 765
Obrienbury, ID 12719",Y,hours
176,Darryl Lewis,452-37-9690,"Unit 0182 Box 1510
DPO AE 99786",Y,hours
177,Diana Simmons,667-61-7041,"188 David Plaza Apt. 249
New Joshua, UT 85936",N,miles
178,Justin Diaz,885-12-4887,"874 Salas Fork Suite 123
Washingtonland, MI 53871",N,miles
179,Antonio Tucker,089-14-6662,"035 Steven Greens
West Christinashire, WV 42693",Y,miles
180,David Brown,459-53-0561,"831 Anna River
East Adamburgh, OH 54212",N,hours
181,Nicole Jackson,258-38-3832,"518 Robles Orchard
Bondchester, ID 29658",Y,miles
182,Lisa Mcgee,584-03-6564,"243 Timothy Valleys Apt. 590
Schneiderport, DC 70268",N,miles
183,Jacqueline Dean,650-93-4758,"10681 Walls Gateway
South Kimside, ND 14992",N,miles
184,Joseph Thompson,002-08-6947,"45767 Cooper Unions
Port Jillmouth, UT 37242",N,hours
185,Robin Cannon,443-57-5048,"9786 Michael Crossroad
Bondfurt, WA 02297",Y,miles
186,Beth Moore,554-63-7580,"875 Adams Alley
Lake Lisaburgh, OR 95468",N,miles
187,Destiny Thompson,011-26-4849,"54519 Scott Center Apt. 088
Catherinemouth, MA 03730",Y,hours
188,Sandra Garcia,631-70-5140,"5612 Holmes Stream
West Laura, CT 58022",Y,hours
189,Norman Jones,652-54-0981,"USS Brandt
FPO AE 09261",N,miles
190,Cynthia Ramos,519-14-1730,"405 Michael Parkway Suite 741
Boydmouth, MS 88968",N,miles
191,William Johnson,890-40-7690,"20902 Silva Rue Suite 355
Sharonchester, VT 72938",N,miles
192,Heather Martinez,782-28-3895,"073 Stokes Expressway Suite 524
East Bill, WA 09347",Y,miles
193,Johnny Pitts,580-34-9910,"80621 Brown Pine Suite 394
Bennettton, AK 81151",Y,hours
194,Curtis Williams,309-33-3356,"061 James Meadow Suite 579
South Sarahshire, SD 44531",N,miles
195,John Wilkins,120-87-8993,"67107 Philip Harbor
Harringtonhaven, KS 12103",Y,hours
196,Nancy Brooks,034-81-7403,"1991 Elizabeth Shoal Suite 441
Fuenteshaven, WA 04737",N,hours
197,Kristin Moore,800-62-0536,"52644 Nelson Junction
Tylerbury, OH 04543",Y,miles
198,Dylan Cohen,215-37-7344,"96096 Owens Trace
Thorntonberg, FL 18636",N,miles
199,Krystal Kim,782-41-2018,"386 Jacqueline Meadow Apt. 658
Danaburgh, VT 75476",Y,hours
200,Elizabeth Gomez,244-34-8044,"749 Patricia Summit
East Heather, KY 47042",N,hours
201,Donna Hart,614-11-9272,"USCGC Austin
FPO AP 26051",N,miles
202,Nicholas Nguyen,734-03-1365,"398 Manuel Shoal Suite 433
Jonesfort, RI 69494",Y,miles
203,Heather Huang,752-46-3608,"21396 Deborah Mountain Suite 988
Chelseaville, TN 28070",N,hours
204,Brittany Davis,233-32-0308,"6145 Carter Light
Hollowaychester, FM 61455",Y,hours
205,Angel Rodriguez,008-66-2428,"92493 Cardenas Forest
East Cynthiaville, TX 53717",N,miles
206,Sierra Morrison,812-69-3191,"3424 Ford Unions Apt. 857
Reillymouth, NV 58169",N,miles
207,Ronald Rogers,167-32-1115,"6038 Schaefer Junction Suite 237
Amandaside, KY 66918",N,hours
208,Jason Good,451-04-4985,"622 Davis Parkway
Dorothyfort, RI 67157",N,miles
209,David Henderson,889-44-5685,"18722 Smith Park Apt. 474
Samanthafort, MI 74628",Y,miles
210,Douglas Palmer,720-60-4878,"7730 Haynes Trace Apt. 245
East Julieland, ND 64974",N,miles
211,Mary Carey,787-18-6884,"160 Thomas Cliffs
Rodriguezmouth, CO 86619",N,miles
212,Yolanda Smith,549-71-0742,"10868 William Knolls Suite 598
New James, NH 71398",Y,miles
213,Alyssa Walters,486-65-4577,"58076 Brown Green Apt. 774
North Amandamouth, RI 09540",N,miles
214,Michael Joseph,808-80-8711,"096 Nelson Forest
New Ethantown, DE 57246",N,miles
215,Sarah Mata,882-12-3303,"77166 Frazier Rue Suite 857
East Eric, NY 60395",Y,hours
216,Michele Johnson,849-80-9159,"0639 Kim Trafficway Apt. 462
Butlermouth, NE 68795",Y,miles
217,Heather Spears,191-80-5471,"9409 Morgan Locks
South Christina, CA 75249",Y,miles
218,Samantha Williams,781-02-8817,"8667 Smith Rapid Apt. 110
South Lynn, AL 68657",N,miles
219,Donald Williams,191-87-7827,"075 Harvey Knolls Apt. 088
South Francis, AL 59525",N,hours
220,Tina Jackson,742-88-4804,"33161 Keller Route
New Jeffreystad, ID 89469",N,hours
221,Dakota Ramirez,292-96-3675,"Unit 7312 Box 4128
DPO AP 33004",Y,hours
222,Daniel Lee,182-10-7242,"529 Pamela Valley Suite 068
Hernandezfurt, SD 17077",N,hours
223,Monica Rodriguez,159-14-0279,"3752 Trevor Ville
Robertsfurt, MD 08510",N,miles
224,Cindy Lutz,551-23-7435,"17002 Jessica Extensions
South Robertoburgh, NY 24976",N,miles
225,Jackie Cardenas,623-45-3990,"6865 Richardson Gateway Suite 059
New Jeffrey, WV 83546",N,miles
226,Laura Orr,779-22-8727,"PSC 8629, Box 5758
APO AP 77664",N,hours
227,Eric Harper,399-99-9255,"55972 Marshall Spur Suite 854
Lake Michaelstad, MD 53361",N,miles
228,Mary Perez,520-92-4995,"166 Alexander Field Apt. 698
Dunlaptown, WV 63809",Y,miles
229,Anna Christensen,369-95-5414,"0206 David Crossing Apt. 926
Melissaport, AK 93431",N,hours
230,Charles Harrison,131-28-4740,"1013 David Heights
New Marvinport, ID 67036",Y,hours
231,Maria Johnson,764-86-0879,"100 Strong Junctions
Lake Ralph, IL 11480",Y,miles
232,Thomas Wiley,680-70-8281,"3576 Tonya Camp
New Ronaldburgh, TX 25123",Y,miles
233,Linda Summers,066-08-9680,"65635 Myers Row
Port Jessica, DC 63423",Y,hours
234,Gina Mccormick,498-13-0377,"2354 Maldonado Mill Suite 906
Ronnieville, IN 04788",Y,miles
235,Thomas Houston,197-68-1439,"3911 Wallace Wells
Mandyton, ND 03241",N,miles
236,Michelle Smith,468-85-6393,"4672 Angela Canyon
New Sydney, NJ 30527",Y,miles
237,Eric Rodriguez,009-63-7893,"44912 Hicks Springs
South Jerryport, NJ 33754",Y,hours
238,Linda Munoz,253-68-4208,"185 Patel Drive
Kristinshire, SD 87698",Y,miles
239,Michael Wallace MD,442-45-2707,"Unit 5817 Box 0759
DPO AA 86428",Y,hours
240,Jennifer Gibson,429-69-4440,"15077 Jones Fort
Williamsland, NC 58143",Y,hours
241,Tammy Deleon,745-03-1494,"077 Golden Key Suite 563
Brandonbury, GU 23242",N,miles
242,Craig Ray,061-31-5480,"7957 Gomez Keys
Port Brandy, PR 01494",N,hours
243,Megan Cox,802-78-5140,"6363 Francisco Flats
East Ann, TN 90414",N,hours
244,Erika Eaton,550-27-0059,"039 Monica Ways Suite 760
West Elizabethshire, UT 38643",Y,hours
245,Daniel Brown,837-16-3440,"1331 Reynolds Junctions Suite 609
South Rhonda, WI 84381",Y,hours
246,Nicole Hicks,415-03-8919,"54643 Barnes Tunnel Apt. 940
Jamesview, IL 56363",N,hours
247,Victor Bryant,273-46-8459,"Unit 3477 Box 0901
DPO AA 04075",N,hours
248,Jeffrey Koch,004-05-2576,"1276 Collins Square
Morrismouth, WV 78497",N,miles
249,Wendy Nelson,667-70-6573,"53073 Reed Union Apt. 379
Kimberlyburgh, ME 47590",Y,miles
250,Yolanda Wright,314-30-2809,"783 Bates Plains
Gouldport, WY 03359",N,miles
251,Julie Pittman,004-90-2009,"56870 Ronald Island
Michelleton, PR 38817",Y,hours
252,Jessica Hood,444-89-3296,"6552 Hall Trace
Shawland, GU 03230",Y,hours
253,Veronica Wells,272-23-5414,"8148 Eric Lights Apt. 822
Christopherfurt, NE 03950",N,hours
254,Brandon Holmes,884-96-1058,"21237 Johnson Isle
Roseberg, AL 23019",Y,miles
255,Amy Waters,271-50-4899,"USS Austin
FPO AA 35752",Y,hours
256,Julia Carter,321-41-5600,"2214 Ricky Roads Suite 087
New Debra, AL 96709",N,hours
257,Isaac Bailey,332-21-7783,"2100 Michael Plaza Suite 914
Liuberg, NH 61945",N,hours
258,Robert Williamson,769-24-6847,"USS Berry
FPO AE 60845",Y,miles
259,Beth Lee,489-54-8188,"1848 Alicia Drives
Peggyton, GA 62222",Y,miles
260,Pamela Lee,843-35-9465,"613 Amy Bridge Suite 308
Maureenshire, IN 96488",N,hours
261,Elizabeth Cooper,698-89-9099,"44824 Rodriguez Cliff
Christophertown, MA 91907",N,miles
262,Robert Stone,328-22-8020,"13449 Jeremy Club
Lake Christinashire, MI 24003",Y,miles
263,Diana Miller,260-19-9713,"111 Livingston Streets Apt. 993
West Larry, MD 69220",Y,miles
264,Jessica Smith,601-85-2158,"78021 Erin Views
Garrisonton, WA 81361",Y,hours
265,Paula Turner,053-43-7200,"77796 Jodi Views Suite 543
Lisachester, FM 95079",Y,miles
266,Amanda Watson,355-08-5329,"7161 Cooke Loaf Apt. 366
New Katherine, NH 41940",N,miles
267,Brooke Perez,650-37-3606,"10371 Meadows Groves Suite 331
Lake Martha, WV 21379",N,miles
268,Dr. Regina Austin DVM,470-84-3695,"9871 Thomas Courts
New Feliciaport, OH 86676",Y,miles
269,Douglas Barton,177-43-6022,"7123 Dickerson Burg
East Elizabeth, MA 05567",Y,miles
270,Garrett White,152-07-2006,"8950 Michael Camp
Port Michaela, FM 91733",N,miles
271,Aaron Coleman,888-98-0038,"02693 Catherine Station Suite 984
Mathewmouth, AR 12874",N,hours
272,Mary Pope,521-09-1287,"93252 Amanda Flat
Thompsonberg, VA 67543",Y,hours
273,Bryce Williams,895-05-5552,"11298 Amanda Point Suite 307
North Andrewport, WA 99094",Y,hours
274,Latoya Garcia,877-87-0461,"8251 Cunningham Port
Angelaville, AZ 04671",N,hours
275,Mr. Patrick Drake II,086-76-5911,"72178 Ashley Cove
Karenport, OH 61740",Y,miles
276,Julia Sanchez,658-12-6459,"PSC 9399, Box 3002
APO AA 71101",Y,hours
277,Heather Mcconnell,893-45-9694,"90961 Jacqueline Parkway
East Mollyfurt, WI 82265",Y,miles
278,Elizabeth Erickson,320-86-4533,"944 Julie Crest Suite 946
Rodneyburgh, NM 38660",Y,miles
279,Adriana Morales DVM,071-52-4164,"03996 Webster Path
West Shelby, MA 91449",Y,miles
280,Michael Adams,169-67-2352,"9175 Albert Inlet
South Thomas, MA 62639",Y,miles
281,Stephen Kelly,859-82-7218,"5641 Michael Courts Apt. 994
West Thomasport, WI 44844",Y,miles
282,Ashley Knox,063-12-8088,"1778 Gavin Prairie
Antoniomouth, NE 22014",N,hours
283,Jesse Odom,835-48-2487,"439 Hamilton Branch
Timothyburgh, AS 50751",N,hours
284,Timothy Parker,096-28-0009,"52465 Cynthia Route Apt. 090
Sandraton, KY 22970",Y,miles
285,Stefanie Porter,786-35-9372,"6118 Christine Pass Apt. 511
North Wanda, AS 17915",Y,miles
286,William Diaz,218-37-1418,"4755 May Street Suite 953
West Reginaside, SC 47565",Y,miles
287,Cheryl Sosa,025-13-0511,"64242 Jessica Vista Suite 699
East Williamhaven, MS 26338",N,miles
288,Christina Torres,753-06-7131,"4435 Thomas Wells Apt. 441
Warefurt, PR 39258",N,miles
289,Janet Gordon,218-31-5711,"81035 Kennedy Forges
East Travis, NJ 58772",N,miles
290,William Allen,576-94-1034,"4587 Nancy Underpass
East Stevenchester, RI 77721",Y,miles
291,Christopher Adams,200-42-0083,"855 Melissa Mountain
Jacquelineton, IL 76417",N,miles
292,Stanley Howard,346-56-9098,"341 Nelson Roads Apt. 465
North Chrisburgh, GU 08517",Y,miles
293,Brenda Harris,177-35-6882,"870 Stephanie Throughway
Port James, CA 89172",Y,hours
294,Kayla Cobb,264-29-8011,"07600 Renee Inlet
Ashleybury, IN 42833",Y,miles
295,Melissa Fletcher,512-54-0811,"7528 Ryan Shoal Suite 504
South Christopher, MO 64513",Y,hours
296,Daniel Parsons,866-31-1912,"737 Ashley Green Apt. 466
South Christopherville, SC 26874",Y,hours
297,Brittany Randall,580-43-9108,"USCGC Meyer
FPO AP 05252",Y,miles
298,Kathryn Jones,556-99-0641,"884 Amanda Course
Michaelmouth, GA 27147",N,miles
299,Emily Black,888-57-9401,"90943 Williams Tunnel Apt. 584
Wheelerfurt, DC 43637",N,miles
300,Amanda Phillips,500-49-4386,"4089 Burns Ranch
Kimside, WV 57943",Y,miles
301,Edward Brown,398-37-6584,"326 Dennis Walk Suite 952
Adamville, ME 29437",N,miles
302,Jeremy Powell,082-78-4870,"658 Shaun Ways
Bookerbury, CA 87763",Y,miles
303,Karen Howard,534-10-1983,"310 Mcguire Creek Apt. 215
New Ricardo, AR 58909",Y,miles
304,Dustin Brown,275-08-8612,"3716 Sanchez Trail
North Davidhaven, MD 32835",Y,miles
305,Joanna Foster,497-60-3939,"080 Stevens Trace Apt. 917
Jeffreyhaven, NV 11480",Y,hours
306,Jordan Herrera,104-24-0641,"26771 Moody Mill
West Judyside, LA 71768",N,miles
307,Michael Ford,779-08-3234,"509 Baker Overpass Suite 765
Jayview, DC 07458",Y,miles
308,Michael Morales,513-57-0814,"342 Wheeler Point Apt. 730
Donaldmouth, NV 15530",Y,hours
309,Gary Bradshaw,063-79-8380,"451 Hernandez Lakes Suite 424
Sethbury, OK 93407",Y,hours
310,Grace Joseph,291-50-9777,"2998 Ashley Parkways
East Elizabethside, CO 78649",Y,miles
311,Heather Cohen,033-53-3639,"745 Irwin Key
Melissaside, NV 20443",Y,hours
312,Alyssa Morse,435-53-8466,"77339 Ray Mills Suite 005
Sullivanstad, GU 73540",N,miles
313,Jason Russell,289-32-7438,"Unit 9835 Box 0794
DPO AE 88195",Y,miles
314,Michael Duarte,272-23-7189,"76108 John Divide
Walkerport, WV 63311",N,miles
315,Jack Contreras,202-40-7610,"5619 Gillespie Road Apt. 447
North Jamesmouth, ND 14778",Y,miles
316,Taylor Ford,570-76-9406,"7579 Michael Isle Suite 336
East Sandra, NV 46547",Y,hours
317,Lisa Snyder,211-12-4386,"7337 Kenneth Roads Apt. 838
South Chloemouth, FM 75602",Y,miles
318,Rachel Martinez,373-78-5433,"272 Wayne Lodge
Ambermouth, CT 48535",Y,miles
319,Scott Scott DDS,515-89-7497,"34846 Maxwell Junctions Suite 765
New Amber, MN 87395",Y,miles
320,Elizabeth Johnson,101-75-1540,"48329 Michael Crescent
Jasonside, MS 63569",N,hours
321,Suzanne Calderon,153-22-6911,"994 Kevin Spur Apt. 578
Christinemouth, MD 52389",N,hours
322,Lydia Scott,407-87-3072,"491 Miller Flat
Allenburgh, GA 21092",N,miles
323,Michelle Gay,295-03-8563,"37377 Brian Island Apt. 980
West Jonathanburgh, OH 53205",Y,miles
324,Antonio Anderson,259-14-9146,"2484 Walsh Isle
New Amandamouth, PW 20957",Y,hours
325,Christopher Spencer,687-19-5225,"057 Madeline Point Suite 123
Port Rhonda, NC 15954",Y,miles
326,Jimmy Avila,162-33-5957,"88750 Fischer Mountain
Colinshire, ME 13752",N,hours
327,David Chavez,002-09-0683,"925 Wilkinson Brooks
North Johntown, OR 16442",Y,miles
328,Kayla Gates,174-06-6543,"0225 William Brooks
North Stephen, IA 84721",N,miles
329,Timothy Porter,758-11-4749,"44620 Matthew Crossing
Mcneilview, RI 32349",Y,hours
330,Joshua Miles,587-65-7070,"93483 Buck Underpass
Lake Christinestad, NV 60991",Y,hours
331,Cheyenne Colon,072-53-2260,"7051 Gregory Villages Apt. 533
Nelsonmouth, NV 98903",N,hours
332,Matthew Shelton,077-81-7724,"82309 Lutz Street
Tammyton, AK 71890",Y,miles
333,Jerry Williams,799-70-5122,"63471 Michael Gardens Suite 895
Lake Jennifer, VT 43463",Y,hours
334,Nicholas Martinez,810-22-4674,"USS Moreno
FPO AP 76315",N,miles
335,Christina Cook,595-49-2916,"4087 Williams Parkways
East Josephberg, VI 38818",N,miles
336,Amber Williams,315-96-4486,"1497 Gregory Greens Apt. 126
Port Lisa, NE 44527",Y,miles
337,Scott Hale,874-81-7162,"PSC 5056, Box 3363
APO AA 36963",Y,hours
338,Joel Munoz,531-49-2033,"4935 Barton Crossroad Suite 457
West David, LA 48782",N,miles
339,Julie Wood,764-82-4473,"088 Jon Vista
Gregoryshire, MP 51211",N,miles
340,Taylor Lozano,685-71-4479,"4873 Montgomery Pine Suite 339
Ambershire, NJ 46495",Y,hours
341,Gregory Briggs,528-06-2169,"Unit 5078 Box 8317
DPO AE 46416",N,miles
342,Joshua Bowen,665-62-9537,"264 Scott Wall Suite 071
South David, CA 35717",N,miles
343,Gregory Johnson,009-12-8162,"97621 Cunningham Roads Suite 792
East Rachel, OH 07883",Y,hours
344,Randy Aguirre,371-31-8899,"0243 Jennifer Pine
Ambertown, VT 58176",Y,miles
345,Linda Schroeder,428-63-0294,"USCGC Howard
FPO AP 69041",Y,miles
346,Jason Jenkins,010-67-0151,"43550 Forbes Cove Suite 945
Barryland, ME 75767",N,miles
347,Natalie Olson,293-07-4595,"8078 Jesse Canyon Suite 647
New Nicholas, VI 34647",Y,miles
348,Cathy Howell,073-53-7560,"22416 Allen Streets
Morrisfort, NH 72689",Y,hours
349,Nicole Gilbert,210-57-2248,"432 Hernandez Throughway
Port Adamland, MD 88904",Y,hours
350,Chad Martinez,342-96-9785,"9350 Amy Rue
West Samanthaside, LA 32963",N,miles
351,Shannon Fletcher,378-01-2303,"1030 Bush Motorway Suite 003
South Daniel, MI 09716",Y,miles
352,Jessica Rosario,607-64-6749,"53528 Matthew Field Suite 185
Anastad, FM 28683",N,miles
353,Joshua Marshall,096-06-9391,"152 Roberts Cliff
Coreymouth, NC 86727",N,hours
354,Cindy Robinson,396-19-6198,"55262 Pedro Unions
East Ryan, MA 19270",Y,miles
355,Melissa Bullock,137-36-9834,"3558 Garza Meadows Suite 031
West Brendaland, IL 86211",N,hours
356,Joshua Williams,345-43-8940,"756 Maria Mews Apt. 975
Tamaraport, MI 38745",N,miles
357,John Morgan,066-53-9596,"Unit 4606 Box 5172
DPO AA 74869",Y,hours
358,Carrie Cameron,600-98-0744,"59801 Ashley Trail Suite 844
West Erikfort, PW 58524",Y,hours
359,Sarah Lewis,029-89-0708,"910 Clark Center
Ericashire, MA 37677",N,miles
360,Jose Parker,500-95-6157,"54781 Jessica Islands Suite 711
Gonzaleztown, FL 35023",N,miles
361,Travis Wells,272-27-7598,"64492 Porter Parkway Suite 053
Ericchester, AR 05820",Y,miles
362,Shannon Fernandez,546-88-6919,"76066 Kevin Road
Kathyfort, VI 75813",N,miles
363,Victor Horton,261-42-7502,"3825 Cox Alley
West Michael, SD 05643",N,miles
364,Jennifer Nguyen,214-65-8428,"USNS Murphy
FPO AP 92937",Y,miles
365,Terry Clay,044-41-1415,"9724 Jesse Spurs
Laurieview, AZ 55767",N,miles
366,Lawrence Jones,054-41-3690,"55283 Cory Inlet
Barbaraside, PR 35303",Y,miles
367,Anthony Gonzales,076-79-9544,"4497 Tyler Track Apt. 633
Hancockstad, KY 49252",N,hours
368,Robert Hill,474-42-7536,"431 Wagner Branch Suite 256
New Margaret, KS 77816",N,hours
369,Xavier Andrade,460-09-5704,"8591 Christopher Ramp Apt. 748
Cartermouth, TN 74644",N,miles
370,Christopher Medina,483-01-7508,"948 Garcia Falls
North Alisonstad, PA 02086",Y,miles
371,Arthur Lewis,144-29-3797,"5535 Anderson Flat
Weberland, CA 12391",Y,miles
372,Cassandra Benton,344-27-0817,"Unit 7072 Box 7251
DPO AP 23742",N,hours
373,Matthew Smith,565-89-8664,"5785 Bailey Lights Suite 452
Downschester, NE 42283",N,hours
374,Gloria Williams,432-40-6284,"94012 Richard Shore
Lake Jason, HI 23986",Y,hours
375,Patrick Payne,729-90-7339,"39752 Peterson Burgs
Snowhaven, WY 77261",N,miles
376,Amy Daniel,885-70-3992,"439 Jose Parkways Apt. 926
Frenchfurt, PR 19490",Y,miles
377,Rachel Leonard,072-37-6575,"64895 Smith Mills
West Richard, OK 29838",N,hours
378,Ryan Garza,539-25-7716,"1802 Johnson Land Suite 213
East Brentstad, NE 66406",N,hours
379,Shannon Flores,849-15-7842,"USS Campbell
FPO AE 10061",Y,hours
380,Vanessa Fuentes,431-77-5313,"9415 Nathan Landing Suite 368
Lake Brandon, NV 34895",N,hours
381,Deanna Brooks,757-81-6806,"888 Brown Gateway
Martinville, ID 37644",Y,hours
382,Jorge Gibson,422-28-2477,"0250 Miller Orchard
Lake Michaelhaven, VI 66114",N,miles
383,Ryan Garcia,427-63-2568,"278 Gary Common Suite 876
Port Michellemouth, GU 34495",Y,miles
384,Thomas Miller,389-51-7016,"57148 Phillips Parkways Suite 391
South Valeriefurt, DE 76824",N,miles
385,Rebekah Waters,686-42-6083,"705 Robert Underpass
New Jennifer, NM 14828",Y,miles
386,Martha Clark,299-09-2904,"23126 Ingram Flat Suite 059
Doughertyton, MI 80515",N,miles
387,Anthony Welch,209-32-5769,"15720 David Ferry Suite 940
South Brandonland, DE 55060",Y,miles
388,Karen Ellis,611-95-2299,"7825 Fuller Junctions Apt. 536
Marcberg, FL 09692",Y,hours
389,Sandra Fields,270-88-8959,"1703 Nelson Mission Suite 867
Noahton, AL 04527",Y,miles
390,Tammy Hill DVM,546-17-3720,"3898 Hensley Highway Suite 861
East Gary, VI 90946",Y,hours
391,Edward Moreno,084-83-9730,"24937 Donald Meadow Suite 463
Carlfurt, VT 66682",Y,hours
392,David Long,385-62-8612,"USS Weaver
FPO AP 14094",N,hours
393,Kimberly Barnett,762-64-3570,"2715 Higgins Island Apt. 981
North Sharonville, VT 95141",Y,hours
394,Jacqueline Clark,047-76-5043,"1505 Lane Landing Apt. 078
North Sarahshire, IN 99457",Y,hours
395,Samuel Gutierrez,171-68-2977,"40037 Brian Villages Suite 790
Thomasville, NH 37206",Y,miles
396,Gabriel Cox,269-70-2254,"4669 Caldwell Ville
Martinfort, ME 34182",N,miles
397,Stephanie Frye,195-84-0279,"7079 Brown Hill
Derekhaven, KY 30175",N,miles
398,Christopher Wilkinson,867-25-8693,"69750 Timothy Parks Apt. 408
South Nathan, KY 13358",N,miles
399,Rachel Diaz,644-93-9013,"798 Dawson Street Suite 463
Anthonyfort, SC 45810",Y,hours
400,Levi Gomez,311-84-9180,"077 Christina Vista
West William, DE 42860",Y,hours
401,Kelli Garcia,763-40-8648,"0581 Eric Forge Apt. 520
Hayleyview, GU 07798",N,miles
402,Debbie Ward,071-86-0294,"51047 Gonzalez Inlet Suite 378
South Robinchester, CT 89405",Y,hours
403,Mary Jefferson,614-45-4473,"9659 Rachel Isle Apt. 863
East Joemouth, MD 04580",Y,miles
404,Sarah Anderson,494-59-9520,"PSC 4634, Box 7841
APO AA 13226",Y,miles
405,Sheila Bailey,763-45-5716,"Unit 9560 Box 6817
DPO AP 76804",N,hours
406,Michael Rios,476-32-9257,"2586 Desiree Parks
West William, WY 48683",Y,hours
407,Veronica Collins,428-25-7760,"8101 Thomas Mills
North Nicholas, AZ 80423",N,miles
408,Patty Black,457-44-9327,"372 Hernandez Crossing
Doylebury, OK 25521",Y,hours
409,Jeffrey Torres,639-33-4035,"399 Lindsay Terrace
Port Meganburgh, HI 04577",N,miles
410,Rebecca Greer,148-69-2559,"387 Brown Mall
Ballside, CA 05018",N,hours
411,Curtis Hart,339-96-2720,"720 Velasquez Valley Apt. 294
Byrdbury, CO 02488",N,miles
412,Kyle Roach,404-33-5892,"63092 Miller Ford
East Stacey, VI 53023",N,hours
413,Anthony Nelson,463-60-6297,"4904 Carl Orchard Suite 679
New Kimberly, FL 67338",Y,hours
414,Brooke Jackson,490-19-5122,"6159 Jesse Loaf
East Kennethmouth, IN 90079",Y,hours
415,Laura Wood,279-73-4489,"453 Williams Pike
Santiagoland, IL 72335",Y,miles
416,Tonya King,220-08-6456,"853 Luis Place Suite 200
South Elizabethmouth, IN 68517",N,hours
417,Tiffany Meyer,010-80-6786,"4252 Brian Cove
Christinaville, MT 08695",Y,miles
418,Kristin Blair,501-70-0048,"150 Cody Junctions
Raymondbury, ND 74007",Y,miles
419,Gregory Clayton,383-23-5202,"37939 Fuller Avenue
West Jesse, IL 25542",Y,hours
420,Nathan Reed,045-57-6345,"697 Cobb Flat
Nunezchester, AL 68946",N,hours
421,George Valenzuela,427-17-7669,"322 Ramos Club Suite 029
Port Shawn, TN 58563",Y,hours
422,Kristina Johnson,288-39-9617,"3023 Lewis Mount
Alexport, DC 19514",Y,hours
423,Travis Sexton,322-68-8488,"73363 Mclaughlin Parkway Suite 982
Romeroberg, ID 47458",Y,hours
424,Alicia Estrada,387-58-1130,"USS Hunter
FPO AP 16151",Y,miles
425,Mark Smith,502-35-1716,"7710 Bishop Station Apt. 227
Kevinshire, MI 21117",N,hours
426,Nancy Wilson PhD,276-48-4624,"09574 Joan Track Suite 290
Robertport, KS 01707",N,hours
427,James Alvarez,220-84-9287,"194 Erik Plaza
Kimberlyfort, GU 18047",N,hours
428,Joseph Shaffer,281-91-9013,"064 Nathan Land
East Louisshire, VI 96295",Y,miles
429,Matthew Doyle,776-57-0113,"1591 Schwartz Valleys
Basston, AK 04171",Y,miles
430,Amanda Smith,726-19-6119,"08727 Burch Summit Suite 181
East Alvin, ME 12206",N,miles
431,Marvin Mclaughlin,703-81-1593,"9910 Weaver Club
Novaktown, DC 51138",Y,hours
432,Stacey Rice,366-08-4123,"3408 Butler Hill Suite 351
East Ashleystad, ID 69372",Y,miles
433,Christian Rivas,828-20-7711,"072 Miller Flats Suite 400
Rickymouth, KS 39819",N,hours
434,Timothy Smith,273-01-9942,"3434 Daniel Creek
East Cory, MA 80961",Y,miles
435,Susan Johnson,325-04-7487,"909 Campbell Island Suite 709
Port Troy, WI 99338",N,miles
436,Daniel Silva,873-89-2222,"163 Dyer Course Suite 113
Schwartzshire, PR 44516",N,miles
437,Anthony Gould,493-03-8324,"26978 Jonathan Radial Apt. 889
Guerratown, VI 30966",Y,miles
438,Cody Trevino,866-87-8245,"PSC 3749, Box 1703
APO AP 98220",Y,hours
439,Danielle Shelton,019-31-9801,"575 Pitts Shore Suite 224
Lindashire, NV 65377",N,hours
440,Jeffrey Wilson,832-24-6955,"74548 Loretta Prairie Apt. 811
Garciaville, AZ 01632",Y,miles
441,Samantha Cole,844-79-3181,"1778 Sandra Row Apt. 218
Shieldsland, GU 01738",Y,hours
442,Sandra Petersen,332-79-7144,"5880 April Station Apt. 213
Amberfurt, NY 86810",N,miles
443,Matthew Collins,598-80-1509,"1772 Burgess Turnpike
Benjaminbury, ND 36417",N,hours
444,Monica Sloan,157-41-9791,"371 Blankenship Shore Suite 632
East Jorge, MP 64471",Y,hours
445,Mary Miller,427-32-5754,"9702 Yu Village Suite 811
South Kevin, VT 98932",N,hours
446,Melanie Jenkins,159-19-7997,"27871 Joshua Road Apt. 088
Wilsonbury, AZ 05053",N,hours
447,Mary Gonzalez,167-23-2098,"404 Alexandra Prairie Suite 626
West Daniel, AK 90958",N,miles
448,Manuel Dominguez,854-44-7811,"70617 Rebecca Rapid
New Marvin, OR 08725",Y,miles
449,Alexander Trujillo,254-14-3797,"95752 Grimes Meadows
Jasonview, MH 27164",N,hours
450,Kelly Roth,020-60-4402,"3730 Frazier Fields
South Alvin, MI 47694",N,hours
451,Holly Sims,423-70-7624,"66186 Katie Glen
North Steven, IL 01435",Y,miles
452,Stephen Reed,553-87-9384,"63721 Alejandra Cliff Apt. 847
North Kristen, WV 85698",N,hours
453,Brandon Hunter,066-95-6528,"4465 Gregory Tunnel
East Charlene, AK 64823",Y,miles
454,Mark Johnson,062-10-2108,"43089 Brown Shores
Dennisville, IN 30864",Y,hours
455,Sarah Evans,470-03-4593,"259 William Inlet Suite 600
North Brandonberg, OH 80496",N,hours
456,Deborah Morales,559-66-8318,"2707 Andrews Cove
Kimberlyborough, UT 61669",Y,miles
457,Russell Fields,592-96-7579,"1851 Tiffany Harbor Suite 427
South Mary, PA 02156",N,miles
458,Tammy Hansen,375-31-2166,"04034 Shawna Extension
Jenniferborough, AK 28393",N,miles
459,Douglas Calhoun,888-39-0249,"892 Rose Plain Suite 396
Abigailview, CA 46656",Y,hours
460,Lindsey Mcfarland,550-72-9809,"6047 Andrea Point Suite 351
New Jacqueline, AZ 75133",Y,miles
461,Victor Gibson,507-18-0987,"6573 William Summit Suite 006
Brownview, VT 17657",N,miles
462,Melissa Fitzpatrick,153-66-4900,"238 Michele Plain
Connieland, CT 45020",N,hours
463,Savannah Sanchez,220-47-8173,"5824 Moreno Mountains
Burnsbury, MS 98898",N,hours
464,Nathan Scott,299-85-9405,"6201 Jake Meadow
Lake Sarahburgh, IA 81550",Y,miles
465,Rhonda Ramirez,691-15-6816,"1021 Cindy Cove Apt. 921
North Tonyahaven, MO 24958",Y,miles
466,Kimberly Evans,544-14-1375,"00952 Eric Pines
Lake Seanmouth, OR 77624",N,hours
467,Felicia Haley,410-08-2257,"064 Dylan Neck Suite 889
Lisaberg, PW 95995",Y,miles
468,David Daniels,573-31-3170,"5296 Jacqueline Turnpike
Gonzalesburgh, VA 77045",Y,miles
469,Amber Pace,056-98-8039,"1910 Stewart Wells Suite 017
Diazland, VT 00909",N,hours
470,John Baker,252-51-0808,"Unit 1225 Box 7600
DPO AA 25686",Y,miles
471,Brian Cooper,542-96-0439,"88714 Kara Estate
Triciaville, MA 02311",N,miles
472,Sheena Thomas DDS,708-06-8179,"22172 James Dam Apt. 804
North Kennethport, OR 04455",Y,hours
473,Samantha Morales,569-98-1545,"4275 Ali Islands Suite 012
Velezfort, NJ 63931",N,miles
474,Daniel Greene,818-57-3389,"020 Brooks Rapids Suite 819
North Tiffany, MT 16840",N,hours
475,Colleen Strickland,656-47-5773,"50538 Valerie Meadow
Port Tammie, MH 43335",N,hours
476,Victoria Duncan,782-12-1101,"96328 Ruiz Highway Suite 624
South Karimouth, IL 77538",Y,miles
477,Sarah Green,581-72-6753,"4476 Shane Point
Nicolehaven, TN 22430",Y,miles
478,Gerald Murphy,768-33-8553,"193 Johnson Pines
Chungburgh, NE 51603",Y,miles
479,Craig Kim,895-27-1026,"76568 Daniels Mall
New Paul, CT 76856",N,hours
480,Karen Chapman,539-07-3584,"906 Thomas Locks
Floresview, AZ 11057",Y,miles
481,Phillip Gross,015-40-9842,"17013 Jonathan Lock Suite 096
North Brandyton, MS 75433",Y,miles
482,Caleb Luna,058-68-9905,"78402 Golden Wells
Wellshaven, KS 96873",Y,hours
483,Katrina Mccoy,383-68-3655,"46037 Frederick Mission
Kevinport, MI 27315",Y,miles
484,Denise Mendez,149-62-9896,"56151 Katie Shore
Smithfort, AZ 51355",N,miles
485,Elizabeth Garcia,235-75-5539,"859 Bryan Avenue
Davismouth, MT 16009",Y,hours
486,Amy Zamora,679-67-7388,"082 Cory Stream
New Laura, PR 87292",Y,miles
487,Victor Harris,128-65-1744,"43082 Thomas Pines Apt. 344
Adambury, MP 50690",N,miles
488,Kristin Martin,392-25-3434,"0042 Edward Points
East Lindaport, WI 34069",N,hours
489,Rebecca Henderson,405-55-5033,"2256 Alexis Squares Apt. 684
Robertsonstad, AK 67006",Y,miles
490,Lacey Barrett,782-12-8843,"296 Michael Key Suite 685
West Raymondbury, NY 68146",Y,miles
491,Rodney Arnold,451-24-8995,"7595 Smith Club
West Curtiston, CA 27880",N,hours
492,Katherine Park,188-96-9901,"6131 Nguyen Trail Suite 430
Lake Colleenmouth, VI 92620",Y,miles
493,Sabrina Williams,685-81-3805,"63387 Evans Prairie Suite 144
Rebeccaborough, OH 27153",Y,hours
494,Sherry Peterson,264-12-4137,"14681 Adams Walk Apt. 896
Lake Paul, WA 70939",N,miles
495,Bradley Howard,788-37-0862,"8065 Brown Port Apt. 706
Lopezshire, VA 57214",Y,miles
496,Brandi Baker,346-20-7482,"7058 Robert Spurs Apt. 896
Patelport, TX 05466",Y,hours
497,Sarah Chapman,096-91-4664,"4732 Ramos Garden
East Lisamouth, VT 81741",N,hours
498,Edward Espinoza,473-88-6318,"693 Norton Estates Suite 119
Curtisside, FM 89547",Y,hours
499,Tabitha Garcia,636-50-3448,"700 Mary Trail
West Danny, WV 64986",Y,hours
500,Tyler Diaz,509-52-4614,"436 Gregory Burg Suite 265
South Jamesburgh, FM 82515",N,hours
501,Emily Hill,016-66-4596,"836 Williams Center Apt. 703
Andrewland, UT 60338",N,miles
502,Paula Cox,526-95-5213,"21249 Hill Motorway Suite 272
Maddenchester, KY 99076",Y,hours
503,Lynn Bird,084-97-9841,"Unit 2050 Box 2247
DPO AA 45293",N,hours
504,Kelly Mcclure,045-41-4122,"98265 Ricky Hollow
North Michael, CA 60064",N,hours
505,Misty Schaefer,106-33-8746,"USNV Rogers
FPO AP 15045",Y,hours
506,Michael Wagner,031-72-1147,"PSC 7037, Box 3061
APO AE 37191",N,hours
507,Anne King,832-35-2552,"88264 Yates Springs
Haleburgh, VI 37970",N,miles
508,Christopher Bradford,873-61-2622,"1360 Christina Trace Suite 421
Beckerborough, NE 31066",Y,miles
509,Yolanda Davis,093-22-7381,"690 Laurie Islands
Pierceburgh, NV 53109",Y,hours
510,David Watson,475-24-9298,"2690 Brenda Inlet
New Claytonmouth, ME 95201",Y,miles
511,James Carter,305-75-1360,"61886 Abbott Well
Oneillmouth, CO 84553",N,hours
512,Dominique Benson,581-46-0932,"Unit 0395 Box 8813
DPO AP 72021",Y,hours
513,Henry Peterson,119-55-1947,"2402 Daniel Circle Apt. 068
North Daniellemouth, CO 53352",N,miles
514,Nicolas Tucker,270-67-7938,"759 Jason Hill Apt. 081
Jamesshire, NY 51051",Y,hours
515,Francisco Barton,239-40-6923,"USNV Barry
FPO AE 42262",Y,hours
516,Victoria Ford,165-24-8338,"9672 Christopher Forest Apt. 135
West Emilybury, IN 34450",Y,miles
517,Gregory Smith,497-50-1898,"Unit 1174 Box 0023
DPO AA 28257",Y,hours
518,Rachel Perry,158-68-4693,"4783 Jonathan Forge Apt. 724
Sampsonburgh, VI 21099",N,hours
519,Caleb Allison,074-56-5081,"Unit 0224 Box 2767
DPO AE 76234",Y,hours
520,Adrian Bell,573-01-3988,"Unit 4124 Box 3882
DPO AP 66109",Y,hours
521,Christopher Doyle,838-21-0461,"PSC 1763, Box 9017
APO AP 50938",Y,miles
522,Ronald Bautista,881-76-4446,"Unit 7246 Box 5098
DPO AP 57359",Y,miles
523,Melissa Parker,238-66-7320,"Unit 2823 Box 3214
DPO AP 71780",Y,hours
524,Tiffany Larson,518-75-2202,"68301 Mcpherson Corners
New Matthewmouth, NM 48497",N,hours
525,Kaitlin Golden,890-02-3764,"Unit 1353 Box 1500
DPO AP 52712",N,hours
526,Brandon Bailey,074-54-7116,"1071 Danielle Neck Suite 624
Joshuamouth, PR 38393",Y,miles
527,Linda Aguilar,702-59-9414,"08752 Samantha Ford Apt. 014
Reginaldfort, AS 18983",N,miles
528,Hunter Lewis,064-50-2089,"Unit 1155 Box 5267
DPO AE 85664",N,hours
529,Sean Lopez,057-87-9775,"67030 Hanson Lights Apt. 258
Nancyshire, NC 99234",Y,miles
530,Diana Howard,193-04-1103,"PSC 9402, Box 7039
APO AA 30278",N,miles
531,Sherry Cook,357-53-7323,"09457 Mendoza Crossing Suite 459
Lake Meagan, GA 88159",N,miles
532,Richard Smith,003-84-8310,"00802 Baker Islands
Lake Francisco, TN 10927",N,miles
533,Ronnie Johnson,281-04-6810,"476 Samuel Passage Apt. 608
Walterberg, NM 28740",Y,hours
534,Tara Moore,444-12-9350,"46571 Kristen Isle
East Christinemouth, WI 36612",N,hours
535,Jodi Lewis,254-22-8087,"PSC 7392, Box 9740
APO AA 04794",Y,miles
536,Timothy Brown,651-29-6695,"62747 Daniel Forge Suite 311
Rothside, VA 46919",Y,miles
537,Ashley Parks,198-41-0767,"52566 Rogers Falls
Ramirezbury, AL 71582",N,miles
538,Christine Johnson,496-22-1112,"45527 David Ridge
Sandersside, AS 08787",N,miles
539,Rebecca Foster,656-27-3647,"10480 Lori Mountains Suite 632
East Amandaton, NC 63182",Y,miles
540,Katherine Liu,827-81-9150,"973 Janet Fields Apt. 951
Adamstad, IL 47370",N,hours
541,Christine Cervantes,768-20-6857,"83654 Medina Vista Apt. 754
Chadside, MP 36950",N,hours
542,Kristina Oliver,191-62-5740,"18461 Barber Mill
South Darrenbury, MO 31846",Y,miles
543,Michael Campbell,810-91-4145,"91610 Boyd Route Apt. 215
West Marystad, MN 51193",N,hours
544,Andrew Sloan,525-40-4848,"312 Michael Avenue Apt. 925
Heidiport, ID 99815",Y,miles
545,Scott Murphy,690-44-3138,"Unit 0100 Box 7187
DPO AP 12448",Y,miles
546,Julie Montgomery,609-83-5020,"88860 John Corner Apt. 292
Johnsonchester, DE 14380",Y,hours
547,Zachary Bennett,378-44-8572,"9469 Floyd Forks Suite 313
South Jonathonshire, AR 80716",Y,hours
548,Ruth Brooks,107-38-6940,"Unit 5189 Box 3846
DPO AA 62500",N,miles
549,Natalie Griffin,866-51-1626,"57769 Young Wall
Sherifort, OK 30071",N,hours
550,Cheryl Bradley,806-26-4221,"7614 John Ports Suite 258
Lewisborough, WA 32251",N,miles
551,Susan Bradley,136-22-2855,"57044 Sean Creek Suite 074
West Emily, TX 47053",N,miles
552,Elizabeth Meyers,861-02-0856,"90913 James Oval
South Austintown, CT 11356",Y,hours
553,Barbara Newton,765-21-7166,"8770 Lucas Bridge
Courtneyport, SD 41309",N,hours
554,Kathleen Perry,824-70-0253,"87659 Pamela Street Suite 989
Jonesview, TX 75762",N,hours
555,Tyler Nichols,642-27-3696,"5925 Matthew Drives
Port Kimberlyville, VT 27535",N,hours
556,Cassidy Gould,345-34-2469,"091 Ramos Square
Wrightbury, PR 66285",N,hours
557,David Medina,130-79-7022,"473 Morales Common
South Jasminetown, AL 44420",Y,miles
558,Monica Woods,326-96-3735,"734 Lyons Curve Suite 224
North Erinport, TN 33592",N,miles
559,Andrew Gonzales,755-99-5655,"8417 Glass Lake
Clarkbury, KS 38188",Y,miles
560,Hannah Bell,313-79-9229,"4576 Kurt Heights Suite 390
South Michael, NC 80810",Y,hours
561,Steven Brown,048-54-5071,"4123 Nathan Hollow
Cunninghamville, ID 95157",Y,miles
562,Carrie Butler,873-45-0627,"1519 Kim Dam Suite 752
East Joseph, WY 43694",N,miles
563,Thomas Vasquez,309-62-1940,"930 Farley Track
West Matthew, AK 08364",N,miles
564,Elizabeth Robinson,085-68-8644,"6479 Mcdonald Stream
Nicoleborough, NM 09596",Y,hours
565,Paul Nichols,814-09-1628,"10555 Woods Extensions Suite 986
Hughesside, RI 19643",N,hours
566,Jonathan Schneider,379-69-5447,"4504 Nguyen Orchard Apt. 759
Taylortown, GA 09192",Y,hours
567,Frederick Chavez,149-53-8932,"21314 James Divide Suite 283
Jamesfurt, MS 43659",Y,hours
568,Larry Gonzalez,716-24-4502,"46736 Dyer Hollow Apt. 031
Lake Laurentown, SD 74725",Y,miles
569,Mrs. Nicole Mclaughlin PhD,819-06-4720,"77097 Julia Meadows
Lake Gabrielstad, HI 28466",N,miles
570,Rhonda Edwards,388-50-8563,"77971 Christina Streets
East Stevenberg, GU 27103",N,hours
571,Mrs. Catherine Davis,469-15-7107,"35552 Nicole Dale
Port Sharon, VT 76908",N,miles
572,Terri Ryan,844-65-8519,"499 Jones Trail
Lorraineton, HI 23502",Y,miles
573,Lauren Miller,353-73-9705,"USNS Jordan
FPO AP 60352",Y,hours
574,Patrick Campbell,281-66-7362,"43329 Hart Crescent Suite 782
Williamland, AK 97238",Y,miles
575,Roy Jones,218-14-6754,"559 Eric Street Suite 180
Sierraside, NM 85255",Y,miles
576,Laura Smith,283-99-7543,"8550 Gutierrez Wells
East Austinbury, PA 06981",N,hours
577,Laurie Taylor,645-95-9350,"3363 Joseph Path
Lake Ashleebury, MP 46615",Y,miles
578,Carla Allen,709-13-8296,"335 Hunter Spurs Suite 468
Lake Lindsayberg, WV 60135",Y,miles
579,Anna Foster,524-88-5996,"08498 Mason Union
New Michael, GA 05148",N,miles
580,William Holt,851-22-9303,"684 Buchanan Viaduct
Ashleyhaven, WA 23402",N,miles
581,Sergio Martin,235-80-8710,"9613 Garcia Creek Suite 570
Fosterberg, NV 44743",N,hours
582,April Jordan,500-47-5383,"56198 Mercado Hills Suite 088
Mccallborough, MH 71279",N,hours
583,Martha Johnson,297-43-5700,"073 Nguyen Skyway
Lake Kevin, IN 61877",N,miles
584,Larry Hernandez,875-25-5149,"9542 Bernard Tunnel Apt. 846
Kathleenshire, PA 72664",N,hours
585,Cassie Mitchell,386-14-8843,"70066 Campbell Row Suite 896
Kimberlyshire, ME 06075",N,hours
586,Dalton Watson,167-19-5647,"6456 Jimenez Path
West Glendahaven, RI 01649",Y,miles
587,Nicholas Young,899-94-1398,"589 Osborne Path
Lake Williamfort, WY 58068",Y,miles
588,Sarah Taylor,602-48-7482,"1232 Hall Mountains
Bradleymouth, AL 64138",Y,miles
589,Janet Romero,791-51-7269,"7463 Griffin Centers Apt. 157
Lake Leebury, WA 07659",N,miles
590,Robin Johnson,746-95-6109,"78229 Smith Ridge
Wilsonfurt, MH 91861",N,miles
591,Mrs. Samantha Murphy MD,579-97-0374,"154 Little Crescent
South Racheltown, ND 82708",Y,miles
592,Ashley Martinez,157-56-3330,"9586 John Light Apt. 852
Ritterfurt, FM 38074",Y,hours
593,Melissa Nguyen,708-97-0905,"4566 Kristen Springs Apt. 528
North Matthew, OH 82039",Y,miles
594,Michael Johnson,069-88-1252,"634 Veronica Bypass
East Patricia, AR 89546",N,miles
595,Jason Ramsey,463-49-9228,"29217 Harris Run
Russellland, NH 86216",Y,miles
596,Kenneth Hunter,348-19-6565,"8513 Guerrero Manor Suite 501
Lake William, OH 55361",Y,miles
597,Allen King,713-64-7440,"Unit 7192 Box 7831
DPO AA 10999",Y,miles
598,David Walker,647-15-2744,"213 Amber Plains
East Peggy, HI 69702",N,miles
599,Jordan Harris,033-53-1419,"137 Jennifer Burg Suite 894
Jamesport, VT 31763",Y,miles
600,Timothy Graham,279-46-9801,"1106 Smith Mills Suite 028
Carlaville, AK 39384",Y,hours
601,Elizabeth Rodriguez,584-15-3833,"9684 Carey Springs Apt. 670
Debraview, RI 90832",Y,hours
602,Angela Fleming,493-51-8508,"2906 Davis Coves
Cooperstad, GU 39270",Y,miles
603,Mary Martinez,488-87-5391,"USNS Cisneros
FPO AA 51665",Y,hours
604,Kathleen Coffey,329-57-2253,"5944 Brown Canyon
West Julie, ME 75436",N,hours
605,Brandon Patel,243-09-8796,"USNS Reyes
FPO AP 73948",N,miles
606,Nathaniel Jackson,664-91-5357,"0449 Natalie Squares
West Deanchester, SD 03874",N,hours
607,Bryan Norton,539-01-6235,"Unit 8750 Box 8385
DPO AA 14114",N,miles
608,Corey Brown,571-58-8486,"Unit 5703 Box 0218
DPO AA 44924",Y,hours
609,Ashley Hooper,218-74-7177,"17187 Sherry Roads Suite 395
Michelleton, MS 38841",Y,hours
610,Denise Mcintyre,245-14-0368,"07154 Frey Spring
West Carolynborough, MP 50577",N,miles
611,Scott Moore,031-24-6186,"36580 Anderson Tunnel
Lake Laurie, KS 70626",Y,miles
612,Jaclyn Aguilar,133-18-5201,"119 Moon Ville Apt. 960
New Carly, CA 72556",N,miles
613,Nathan Rodriguez,863-90-9714,"5371 Sarah Estates Suite 601
North Maria, LA 02546",N,miles
614,Chad Dixon,614-18-6757,"1147 Horton Courts
Lake Richard, VA 65152",Y,miles
615,Aaron Cooper,571-81-9054,"008 Sanchez Ford
Lake Elizabethfort, MA 25703",Y,hours
616,Sandy Beasley,457-42-0860,"413 John Field Suite 653
Susanburgh, GU 57654",Y,miles
617,Dr. Billy Terry,174-07-5067,"526 Dean Ramp Apt. 501
Averymouth, CO 31960",Y,hours
618,Richard Gallagher,611-14-3309,"119 Wayne Spur Apt. 330
Alisonbury, CO 31337",N,hours
619,Leah Taylor,440-32-7687,"8625 Flores Bridge
Gomezburgh, MN 89932",Y,hours
620,Allison Valdez DVM,790-20-2105,"712 Mary Pines Suite 703
Warrenport, VI 03840",Y,hours
621,Lindsay Johnson,471-19-3332,"6916 Carpenter Forge
Elizabethburgh, WY 45310",Y,miles
622,Dylan Smith,230-22-0109,"1197 Garcia Port
West Ethan, DE 42509",N,miles
623,Kathleen Floyd,803-11-1682,"8079 Morgan Plains
New Jonathan, MA 29908",Y,miles
624,Gregory Jones,475-34-6333,"1231 James Alley Suite 316
Hooperburgh, LA 54413",Y,hours
625,Victoria Byrd,463-30-5279,"69054 Esparza Wells Apt. 091
Port Katherineport, CT 22559",N,miles
626,Mary Rivera,341-66-8617,"279 Simon Squares Apt. 286
Lake Josephstad, ME 38662",Y,hours
627,Justin Evans,050-15-0255,"980 Roberts Forest Apt. 751
West Johnborough, GU 64433",Y,hours
628,Mary Burns,789-72-5567,"0492 Justin Valleys
Ericland, MS 34597",Y,miles
629,Juan Stein,536-18-1659,"82208 Barnes Bypass
West Kelly, AL 11640",Y,miles
630,Pamela Tucker,026-74-0517,"6030 Robert Dam Apt. 480
Port Edwardmouth, AK 17306",Y,miles
631,Blake Norris,889-71-3397,"805 Meyer Crescent
Palmermouth, WA 61095",N,hours
632,Nathan Nguyen,308-66-2797,"56636 Chad Burgs
Amandaburgh, AK 19154",N,hours
633,Lisa Carroll,271-60-4069,"422 Johnson Ferry Apt. 205
Wilsonfurt, ND 88702",N,miles
634,Olivia Parker,039-58-8902,"57383 Danielle Harbors
West Rebekah, TX 03137",N,hours
635,David Stokes,788-38-3367,"8767 Huffman Drive
Smithburgh, TX 58141",N,miles
636,Mr. Jared Baker,665-12-8010,"5698 Henderson Causeway
West Brandon, GA 71233",N,hours
637,Brianna Watson,360-62-8064,"17308 Clark Village Suite 503
Clarktown, AS 54851",N,miles
638,Antonio Calhoun,106-48-0473,"2710 Smith Walk
East Taraport, HI 71106",Y,hours
639,Billy Moore,066-07-7537,"893 Hoffman Pass
South Christopherhaven, RI 71295",Y,hours
640,Kelli Walters,360-17-2313,"1684 Jackson Oval Apt. 831
Carpentermouth, NV 14447",N,hours
641,Michael Fleming,485-40-7888,"94328 Lawrence River
Leonardberg, IN 84020",N,miles
642,Alexander Johnson,687-65-4171,"685 Mason Mews Apt. 344
North Julie, MH 53558",Y,hours
643,Tracy Rogers,597-97-3687,"498 Jessica Forest Suite 799
North Jasmineborough, PW 74306",N,miles
644,Amanda Lyons,887-69-0916,"29699 Martin Creek Apt. 378
North Christinafort, NH 06750",N,hours
645,Benjamin Delacruz,833-39-8125,"6778 Valdez Heights
Leonardhaven, CO 17820",Y,miles
646,Marcus Palmer,321-74-4829,"160 Williamson View Apt. 597
North Thomas, IA 10807",N,hours
647,Mary Hayes,564-38-1113,"24635 Alison Rue Suite 897
West Jacquelinemouth, GA 75982",Y,miles
648,Kelsey Waller,467-03-3403,"861 Anna Fords
Lake Kristinaville, MN 69387",N,hours
649,Rebecca Murphy,690-46-7458,"284 Don Points
Mccarthymouth, NY 95115",N,hours
650,Tammy Hernandez,277-91-8355,"053 Stacey Motorway
Lake Amystad, ID 56442",Y,miles
651,Connie Cain,676-49-4183,"3148 Harris Brooks Suite 404
Johnland, AL 09054",Y,hours
652,Lori Williams,703-13-7596,"954 Norton Motorway
Paulland, AR 39779",Y,miles
653,Chelsea Freeman,339-64-1062,"PSC 7951, Box 0145
APO AA 85332",N,miles
654,Shawn Holmes,677-91-1468,"USNS Lewis
FPO AA 54446",N,miles
655,David Price,537-68-6701,"7310 Tanner Lane
New Jaimebury, AK 41133",N,hours
656,Steven Nelson,712-70-4827,"USNV Morales
FPO AA 44784",Y,hours
657,Austin Brown,437-91-7315,"Unit 5211 Box 4896
DPO AE 31850",Y,miles
658,Joanna Rivera,289-34-8594,"4794 Macdonald Mill
West Michael, NC 64029",Y,miles
659,Allison Williamson,161-92-4233,"55904 Kelly Ridges
Johnview, IN 64539",N,miles
660,Teresa Jones,047-39-6347,"1054 Ponce Junctions
Port Madison, IN 80600",Y,hours
661,Michael Clark,596-34-7103,"1891 Monica Highway
Lake Nathan, GA 67863",Y,hours
662,Timothy Patrick,334-76-4479,"65453 Danielle Center Apt. 469
Timothyhaven, PA 58878",N,miles
663,Ronald Wells,696-78-0370,"91633 Hodges Forges Suite 936
East Mike, LA 32881",Y,hours
664,Elizabeth Jackson,135-61-3241,"0350 Mayo Corners
West Thomas, MA 02518",N,miles
665,Michael Thompson,872-63-8680,"7491 Colleen Streets Apt. 320
Schultzfort, TN 62951",N,hours
666,Leonard Young,734-29-7741,"24627 Long Forges Suite 375
South Stephenport, PW 92587",N,hours
667,Brianna Atkins,682-58-3720,"99392 Douglas Garden Suite 336
New Brianstad, LA 58651",N,hours
668,Jeffrey Martinez,781-02-2110,"PSC 4318, Box 9073
APO AP 84526",N,hours
669,Amy Yoder,429-73-9913,"2406 Jensen Shoals Suite 743
Ashleytown, AL 28937",N,miles
670,Virginia Shah,272-74-2085,"9045 Ross Station
South Ronald, AR 22050",Y,hours
671,Robert Campos,693-19-2362,"02104 Gregory Garden Apt. 999
Hernandezburgh, KS 91575",Y,miles
672,Phillip Miller,068-92-2898,"692 Dudley Forks Apt. 120
Kentshire, ND 82144",N,miles
673,Taylor Watson,098-04-4971,"24608 Oconnor Neck
Gomezshire, PR 76569",Y,miles
674,Mr. Frank Wright Jr.,179-56-9077,"843 Marquez Turnpike Suite 603
Shannonbury, AL 80864",N,miles
675,William King,779-62-1479,"Unit 5055 Box 7188
DPO AE 02676",N,hours
676,Alexander Peterson,148-15-2404,"591 Nicholson Corner
New Scottview, ID 23616",Y,miles
677,Brianna Duarte,101-10-9119,"08808 Villa Lodge
Lake Pamela, KY 69828",N,miles
678,Beth Fuller,412-45-2531,"44382 Payne Point
Port Bridget, NV 78322",Y,miles
679,Steven Shea,322-01-7926,"79436 Macias Stream
Jasminemouth, AL 29443",N,miles
680,Alison Zamora,556-27-4602,"Unit 8886 Box 3978
DPO AP 97784",N,hours
681,Janet Knight,580-03-6319,"0230 Stacy Way Apt. 922
Port Jessica, NV 67105",Y,hours
682,Tracy Harris,042-33-4834,"81477 Ashley Ports Apt. 674
Ryanberg, DC 07720",Y,miles
683,Stephanie Parker,842-65-8949,"429 Valdez Shoals Apt. 250
West Amber, KS 82938",Y,miles
684,Kelly Hanson,205-58-2904,"5124 Todd Street
Edwardsberg, KY 94680",N,miles
685,Melissa Perez,713-78-7131,"60276 Sarah Row
South Dennis, MD 38646",N,miles
686,David Tucker,885-11-5560,"41218 Allison Islands
South Makayla, NJ 61985",N,miles
687,Isaac Baker,552-87-0618,"2941 Hayes Mill
Spencetown, DE 32609",N,hours
688,Crystal Hammond,181-75-7331,"1643 Hart Station Suite 642
Andrewmouth, IA 39559",Y,hours
689,Samuel Navarro,300-41-4954,"313 Kristen Isle Suite 499
Port Kathrynside, PA 31505",N,miles
690,Dr. Savannah Lewis PhD,434-40-8449,"PSC 6552, Box 7292
APO AE 49208",N,hours
691,Elizabeth Atkins,882-58-6825,"USNS Tucker
FPO AE 28923",Y,miles
692,Aaron Rodriguez,298-30-7649,"7227 Jordan Point
Robertberg, AZ 13320",N,miles
693,Carmen Bullock PhD,705-13-1981,"33745 Tanya Dam
Harrisstad, CO 17915",Y,miles
694,Allen Wilson,409-61-3151,"95804 Rodriguez Fort Suite 128
Lindseyfort, WV 55683",Y,hours
695,Zachary Hudson,615-19-1355,"PSC 0784, Box 5569
APO AP 45596",N,miles
696,Thomas Owens MD,003-92-8607,"PSC 1203, Box 6523
APO AA 61038",N,miles
697,Kenneth Hudson,325-90-9368,"721 Goodman Glen
Alexanderstad, CO 81133",N,hours
698,Thomas Sweeney,770-70-9254,"966 Brown Forge Apt. 558
Lake Peggyhaven, VA 71285",N,hours
699,Amanda Wilson,423-17-2230,"658 Washington Way Apt. 851
Austinmouth, AL 25167",N,hours
700,Steven Norris,321-22-8078,"66494 Billy Gateway Suite 496
Richardland, ID 46932",Y,miles
701,Bailey Stark,345-75-5453,"PSC 3336, Box 7574
APO AP 92798",N,hours
702,Mrs. Lori Coleman MD,882-28-8651,"7048 Li Mall Suite 428
East Nathantown, OH 71727",N,hours
703,Andrew Shepherd,291-19-1048,"96007 Mullins Place Suite 202
Evansland, WV 13232",N,miles
704,Mrs. Christina Hoffman,141-87-3656,"716 Willie Heights
New Johnfort, AL 75443",Y,hours
705,Erin Casey,338-32-0245,"919 Sanchez Station Suite 445
Port Joelport, ID 51765",N,hours
706,Juan Mcneil,866-10-4449,"99011 Maddox Turnpike
Taylormouth, NJ 36492",Y,hours
707,Marc Carter,309-64-9523,"339 Wilson Track
Lake David, KS 74686",N,hours
708,Jon Guzman,499-89-0590,"1716 Stephen Islands Suite 816
North Nicoleland, UT 61645",Y,miles
709,Kenneth Sutton,045-77-8577,"396 Belinda Islands
Port Peter, FL 19234",N,hours
710,Alicia Butler,610-79-2525,"4048 Hall Circle
Bradleyfort, MT 36827",N,hours
711,Louis Petersen,688-19-6043,"233 Mack Ways Suite 205
Brianshire, CA 94125",N,miles
712,Neil Smith,082-70-0011,"21188 Martinez Landing Suite 916
Port Laurenborough, NV 08940",Y,miles
713,Evan Perkins,202-40-4165,"9526 Yu Common Suite 317
Wallaceport, NH 05160",N,hours
714,Joseph George,320-55-7476,"62558 Shawn Light Apt. 463
Jonesview, OH 87114",N,miles
715,Richard Martinez,469-03-4270,"577 Conway Knolls Apt. 158
Lisaland, AS 71974",Y,miles
716,Jennifer Anderson,424-92-9692,"115 Tran Burg Suite 521
Nelsonland, DE 40947",N,hours
717,Joshua Brown,209-77-2514,"440 Darrell Oval
Gregoryburgh, AL 64637",N,miles
718,Darryl Ferguson,378-09-0340,"3168 Davis River
North Bobby, AR 16049",Y,miles
719,John Johnson,734-92-9563,"1205 Obrien Garden
Duaneborough, WY 11208",Y,miles
720,Nicholas Arnold Jr.,469-42-1122,"4340 Kelly Summit
South Christina, NC 42977",Y,miles
721,Mitchell Olsen,046-56-1788,"860 Carney Mews
Lake Sarah, IL 02219",N,miles
722,Ashley Carter,891-38-3557,"3770 Jennifer Burgs
New Juan, DC 64589",Y,miles
723,Melissa Hood,667-73-5279,"199 Hudson Junctions
Jonathanstad, FL 56530",N,hours
724,Stephanie Ferguson,075-77-9559,"8970 Thomas Unions Apt. 712
Davidside, IL 38977",N,miles
725,Angela Burke,840-11-3212,"PSC 6876, Box 2611
APO AE 30604",Y,hours
726,Joseph Clark,578-30-6146,"18413 James Estates
East Williambury, MD 50991",Y,hours
727,Brittany Johnson,121-12-5046,"0870 Angela Court
New Michellehaven, NJ 16234",N,hours
728,Andrea Clark,232-99-8773,"72498 Diaz Pines
East Kenneth, DC 55461",N,hours
729,Dana Ramirez,044-16-9359,"4396 Patricia Trafficway Suite 251
Whiteton, WV 35879",Y,hours
730,Justin Frank,800-09-3979,"297 Walker Trace
Joseton, CA 27631",Y,hours
731,James Stuart,561-49-4234,"6555 Yates Green
Kaitlynhaven, HI 14997",Y,miles
732,Jennifer Woods,465-07-8174,"57389 Mckinney Mills Apt. 626
Bobbymouth, AK 92076",Y,hours
733,Elizabeth Jimenez,304-86-8036,"257 Cobb Rest Apt. 492
Ryanborough, CO 85599",N,hours
734,Taylor Day,813-40-7249,"9304 Harris Oval
New Sherry, MT 89189",N,miles
735,Robert Walker,099-77-7836,"6002 Hill Plains Suite 629
Rebeccaview, VT 44953",N,miles
736,Jordan Sanchez,611-50-3860,"Unit 4028 Box 4233
DPO AP 36434",N,hours
737,Timothy Weber,224-86-7400,"64790 Gordon Road Suite 960
Garrettport, CO 33341",Y,miles
738,Amanda Shelton,558-77-8357,"2929 Angela Corner Apt. 475
West Tammy, DE 32872",Y,hours
739,Christina Meyers,708-39-4480,"025 Miller Hill Apt. 009
Jefferymouth, HI 62409",N,hours
740,Carla Simpson,740-45-5847,"72915 Oneal Plaza Apt. 137
Tonyahaven, AZ 04651",Y,miles
741,Sheryl Cooper,594-25-6278,"50426 Pearson Summit
Annhaven, LA 65620",Y,miles
742,Richard Bell,801-92-6868,"02064 Patterson Shoals Apt. 402
West Lindseyport, CA 74750",Y,hours
743,Joshua Kelley,852-53-9549,"752 Christina Loop
New Kimberly, AS 01284",N,miles
744,Jeffrey Peterson,008-14-5110,"10359 Michael Station
Justinfort, MT 45833",N,miles
745,Matthew Hernandez,853-37-4263,"PSC 6651, Box 7612
APO AE 73119",N,hours
746,Reginald Little,381-34-5326,"2963 Beth Stravenue
West Ashleytown, NE 81872",N,hours
747,Jessica Ramirez,198-80-1530,"133 Chaney Radial Apt. 942
West Cynthiachester, FL 05758",N,hours
748,Kimberly Walters,130-57-4310,"63731 Tanya Drive Apt. 817
Johnsonhaven, CA 73261",Y,hours
749,Lee Stevens,470-99-5798,"USNS Summers
FPO AE 08164",Y,miles
750,Timothy Phelps,875-41-0693,"4892 Hess Garden Apt. 014
West Davidville, NV 22485",Y,miles
751,Anthony Butler,814-64-7880,"2858 Harper Ridges Apt. 578
Christopherton, MD 51955",N,hours
752,Amanda Williams,625-98-4266,"93629 Adam Lights Suite 038
New Sarah, NE 61626",N,miles
753,Seth Perry,245-19-6329,"USS Garcia
FPO AP 02094",Y,hours
754,Wendy Rojas,177-66-5826,"761 Michael Dale Apt. 271
Jesseberg, AK 93382",Y,miles
755,Amy Swanson,247-20-5415,"3416 Gentry Station Suite 161
Ellisstad, MH 78353",N,hours
756,Christine Ortiz,600-89-5057,"946 Eric Fords Suite 512
Port Edwardville, NJ 15875",N,hours
757,Howard Logan,211-40-8582,"7555 Jason Lake
Joshuatown, VT 14821",Y,miles
758,Zachary Wright,116-28-9865,"233 Davis Walks Suite 258
Shawview, PW 53005",Y,hours
759,Scott Bright,339-73-9770,"42255 Crystal Freeway Apt. 595
Port Timothyberg, TX 13878",Y,miles
760,Carlos Middleton,667-67-8662,"956 Mary Forks Apt. 695
Lake Williamchester, SD 48645",Y,miles
761,Debra Everett,302-53-8735,"97859 Anderson Extension Apt. 057
New Seanchester, MO 99864",Y,miles
762,Kimberly Mcneil,640-42-0133,"06848 Wallace Islands Suite 878
New Andrewville, FM 76188",Y,miles
763,Richard Fitzpatrick,108-40-6108,"576 Troy Via
Watkinshaven, MA 27072",N,miles
764,Amanda Cisneros,634-42-4282,"33597 Moore Well Apt. 817
Susanhaven, TX 66826",N,hours
765,John Reed,673-86-5352,"78332 Williams Burgs
South Jesse, VI 93253",Y,miles
766,Kristin Gonzalez MD,306-53-1201,"1182 Briggs Glens
Victoriamouth, NH 15616",Y,hours
767,Kevin Hughes,879-69-5358,"67265 Mary Corners
Johnsonchester, MN 02244",Y,miles
768,Sonya Colon,102-16-8505,"08686 Arnold Street Apt. 707
Port Holly, KY 76326",Y,miles
769,Henry Roy,247-57-7628,"Unit 4415 Box 4046
DPO AE 71819",N,hours
770,Lindsay Reynolds,442-36-1038,"97067 Jamie Mountain
West William, CT 45241",N,miles
771,Amy Hart,201-38-5447,"075 Lauren Mission Apt. 109
New Katieburgh, TN 79898",N,miles
772,Anthony Tran,436-12-5280,"PSC 0871, Box 0760
APO AP 58709",Y,hours
773,Emily Bowers,838-48-2360,"25526 Nicole Circle Suite 261
Port Tanya, ID 84602",Y,hours
774,Shaun Ware,790-18-3243,"4733 Harris Parkway
Osbornborough, GU 96801",Y,hours
775,Tyler Robinson,800-92-9821,"57840 Fuller Park
Lake Cindy, RI 66886",Y,miles
776,Anna Ramos,620-63-8256,"8554 Ryan Islands Apt. 074
Michellefurt, SC 64429",Y,miles
777,Mr. Edward Brady,285-01-2413,"4060 Michael Locks Apt. 023
Sandraborough, NH 68851",N,miles
778,Cody Olson,384-80-2286,"0697 George View Apt. 727
North Daniel, ME 39630",Y,hours
779,Joshua Wang,845-33-7887,"USCGC Kelly
FPO AE 49427",N,miles
780,Tony Robinson,294-62-4066,"083 Simmons Trail Suite 274
Doughertyshire, NY 46534",N,hours
781,Antonio Steele,391-78-0777,"USNV Moore
FPO AE 06350",N,miles
782,Tammy Jackson,374-85-7841,"582 Orr Shoal
Ryanshire, AK 88239",N,hours
783,Debbie Kennedy,084-34-3234,"4156 Ballard Junctions
Lake Gregorychester, LA 30841",Y,hours
784,Joe Powell,507-97-8464,"513 Hood Estate
Woodsbury, NE 45146",N,miles
785,Jacob Fisher,060-99-7005,"15654 Abigail Via Suite 809
North Dianaport, FM 91769",Y,hours
786,Brandon Brown,129-26-8087,"47903 Tucker Knoll Apt. 264
South Joefurt, CO 32736",N,miles
787,Sandy Ho,856-06-0764,"73479 Brandon Summit Apt. 773
East Amyburgh, CT 54655",Y,hours
788,Courtney Martin,734-13-5260,"747 Duran Union
West Lisaburgh, OK 43166",N,miles
789,Vickie Moore,299-02-8421,"70415 Maxwell Valley Apt. 441
North Danielle, MO 70881",N,hours
790,Michael Williams,756-54-8582,"851 Christopher Glen Suite 885
West Collinburgh, HI 62164",Y,hours
791,Mary Henderson,148-80-4747,"193 Shaw Station
East Patricia, ME 14173",N,hours
792,Brandi Newton,600-44-6810,"428 Rebecca Land Suite 090
North Michaelville, WA 38881",N,miles
793,James Edwards,793-18-2295,"125 Courtney Summit Suite 080
North Heatherfurt, DE 97530",Y,miles
794,Briana Ayala,506-38-9209,"2158 Emily Islands
Lake Andrew, DE 04543",N,miles
795,Laurie Lucas,753-95-9403,"838 Glenn Pass
West Melissa, PW 82121",Y,hours
796,Amy Roth,728-84-9265,"960 Hall Street Apt. 388
Carlosside, PR 68239",N,miles
797,William Newman,401-21-2229,"2032 Smith Tunnel
Crystalshire, MS 67499",Y,miles
798,Mark Wong,027-65-3198,"8407 Alexander Turnpike Apt. 571
New Erin, KS 58433",N,hours
799,Kathryn Boone,536-81-3899,"453 Davis Shoals
Lake Angelaview, FL 87985",N,hours
800,Christopher Arias,389-37-2123,"9685 Anthony Trail
Miguelburgh, SD 07019",Y,hours
801,Courtney Cabrera,021-04-5126,"53487 Davis Pines Apt. 234
New Michelleland, WA 62871",N,hours
802,Daryl Ingram,536-18-8495,"2237 Angela Hills Apt. 122
Rachelport, MS 50014",Y,miles
803,James Harris,275-60-1897,"152 Myers Courts
Taylorfurt, TX 11654",Y,miles
804,Barbara Gomez,060-45-0060,"55041 Sparks Streets
North Abigailborough, MD 92912",N,miles
805,Erica Henderson,244-91-3770,"0519 Valerie Extension Apt. 480
Calvinfort, MN 71854",Y,hours
806,Michael Bailey,189-57-6347,"4265 Jocelyn Green Apt. 982
South Heidi, VI 32435",N,hours
807,Rebecca Browning,487-35-2396,"6029 Delacruz Expressway Suite 814
Jacobsport, NM 45488",Y,hours
808,Henry Brown,590-11-9346,"615 Nelson Drive
Jasonfurt, WY 47466",N,miles
809,Kristy Cooper,526-12-8060,"13826 Turner Garden Apt. 123
Jaredfort, WV 42665",N,hours
810,Christopher Scott,016-06-3682,"831 Hannah Forges Suite 500
East Annaview, WI 56682",Y,miles
811,Nathan Brown,413-89-7508,"PSC 3041, Box 9940
APO AP 23793",N,miles
812,Erin Macdonald,013-33-7371,"34013 Gary Groves
Lake Kevinstad, MI 56153",N,miles
813,Michelle Schmidt,641-27-2390,"PSC 2559, Box 5093
APO AP 73495",Y,miles
814,Vernon Nelson,606-86-6623,"9271 Nelson Green
Miguelfurt, PA 56842",N,miles
815,Christopher Phillips,697-26-9833,"593 Anderson Plaza Suite 484
Zacharystad, WV 10769",Y,miles
816,Pamela James,222-50-2777,"383 Anderson Trafficway Suite 892
North Dana, NJ 33002",Y,hours
817,Ralph Lewis,587-99-9769,"599 Gordon Valley
New Tammyton, LA 05987",N,hours
818,Crystal Garner,518-55-5450,"18516 James Squares
West Maria, AS 03077",Y,miles
819,Elizabeth Mann,066-59-4110,"811 Carl Key
Meghanshire, NH 99795",N,hours
820,David Gonzales,886-80-1438,"2909 Ferguson Mountains
Murphyport, OR 46010",Y,hours
821,Patricia Myers,209-64-2137,"097 Desiree Rapids Apt. 713
Lake Patrickton, WV 18779",Y,hours
822,Sherry Olsen,754-27-0653,"49910 Emily Summit
East Stephanie, WY 22707",Y,miles
823,Roger Johnson,795-53-5289,"29226 Martin Mission
Garciaport, AS 97047",Y,hours
824,Dawn Herrera,663-10-9992,"503 David Plains
North Kaylaport, PA 17024",Y,miles
825,Kimberly Perez,470-04-1022,"USCGC White
FPO AE 97193",N,hours
826,Paul Holland,843-26-7672,"80088 Villarreal Street Apt. 137
Lake Michaelton, OH 36995",N,hours
827,Daisy Moore,683-52-5665,"08411 Coleman Mall
Josephmouth, PR 97931",Y,hours
828,Catherine Harding,627-80-1542,"9973 Tina Trail Suite 709
Lake Shawna, PR 09099",N,hours
829,Stephanie Owens,362-92-2850,"87438 William Glens
Scottburgh, OK 26877",Y,hours
830,Alison Ramirez,054-86-7518,"935 Johnson Pass
Foleyfort, MS 30161",Y,hours
831,Patricia Barber,062-19-1649,"5517 Perez Lights Suite 448
Lake Vincent, MT 95634",Y,hours
832,Jay Miller,625-84-1429,"22952 Roberto Port Apt. 926
West Erin, OH 93059",Y,hours
833,Gary Johnson,724-42-7428,"305 Joshua Manors Suite 832
Schmidtmouth, KS 78201",N,hours
834,Kerry Moore,231-40-4423,"76635 Kimberly Forest
Port Lisamouth, MN 23690",N,miles
835,Teresa Garcia,138-43-5326,"0339 Sarah Alley
Juliefort, IA 76967",N,miles
836,Rebekah Valentine,196-12-8889,"624 Keller Viaduct Suite 994
Elizabethchester, NH 65307",N,miles
837,Andrea Castro,597-60-9917,"388 Kimberly Mission
North Cherylville, MN 80178",Y,miles
838,Cassandra Sanchez,331-98-2236,"93166 Thompson Alley
South Christopher, FM 33166",N,hours
839,Shane Roth,693-35-8151,"47442 Duarte Hollow
West Cristianmouth, VA 17238",N,hours
840,Douglas Newman,660-20-8075,"45694 Kyle Flat Apt. 287
Port Amanda, NH 89580",Y,hours
841,Jennifer Barrett,652-65-4353,"4898 William Terrace Suite 578
Davisfurt, SD 22346",Y,miles
842,Jon Fowler,090-24-1228,"822 Patrick Points
East Brandyberg, NE 80478",N,hours
843,Amanda Mann,413-67-0904,"357 Lisa Glen Apt. 984
Owenstown, PR 53648",Y,miles
844,Christine Garcia,048-62-9374,"03168 Young Motorway
South Anita, RI 12869",Y,hours
845,Danny Smith,214-07-4425,"90805 Kyle Divide
Keithburgh, CA 87760",N,miles
846,Anthony Ramirez,578-04-0099,"PSC 2499, Box 4846
APO AP 09317",N,miles
847,Teresa Wade,055-56-3573,"95074 Wyatt Lights
East Brittany, TN 48482",N,miles
848,Luke French,783-55-6042,"694 Lewis Crest Suite 253
North Lisa, VT 63481",Y,hours
849,Katherine Reed,315-05-4760,"169 Foster Path
Riceshire, IL 44388",Y,miles
850,Gary Thomas,770-70-1576,"Unit 9785 Box 3292
DPO AP 96649",Y,miles
851,Maria Flynn,306-38-7979,"84551 Garcia Parkway
East Garrett, SD 64670",N,hours
852,Lindsay Cortez,043-30-2757,"43875 Miller Brook
Port Wayne, WA 61032",N,hours
853,Jason Small,099-57-9628,"USNS Thomas
FPO AE 49675",N,miles
854,Carmen Cervantes,655-08-5533,"000 Matthew Fort Suite 387
Bakerchester, UT 24055",N,miles
855,Frank Solis,067-74-8875,"97529 Adam Highway
North Rebecca, WV 86896",Y,hours
856,Douglas Smith,468-73-0899,"74232 Salazar Pass Suite 499
West Melissatown, AR 45506",Y,miles
857,Carla Jones,768-02-9919,"0113 Williams Ridge Apt. 079
Port Donaldstad, MT 43717",Y,miles
858,Christopher Spencer,671-08-8924,"182 Cook Rapids
Heathertown, FL 56169",Y,hours
859,Cody Reeves IV,861-31-0422,"0121 Elizabeth Courts
Janicefort, NH 86464",Y,hours
860,Noah Ramirez,168-69-6159,"6240 Heath Freeway
Jenkinschester, NY 13214",Y,hours
861,Benjamin Jones,075-33-5075,"6840 Lee Tunnel
Leonardtown, UT 93048",N,hours
862,Wesley Hayes,841-47-1501,"5344 Bond Forest Apt. 819
West Julie, PA 56943",Y,hours
863,Mrs. Robin Bowers,800-06-0154,"238 Ashley Vista
Lonniemouth, ME 70316",N,hours
864,Felicia Nelson,764-33-6537,"USNV Nguyen
FPO AE 11909",N,miles
865,Bradley Simmons,696-62-4230,"02508 Goodman Highway Suite 239
West Lisaborough, GU 12405",N,miles
866,Jacqueline Hernandez,145-68-4928,"1277 Howard Cliff Apt. 808
Carolynchester, LA 25480",N,hours
867,Paul Greene,347-16-6039,"6141 Ferguson Park Suite 219
Dannyville, SD 36464",Y,miles
868,Lauren Jackson,287-52-2665,"9668 Willis Center
Jamieside, RI 99694",N,miles
869,Kathryn Reynolds,655-28-7409,"87491 Jones Fort Suite 337
South Dennisburgh, OR 52759",Y,miles
870,Angela Poole,171-86-9544,"836 Thompson Drives Suite 959
Port Christian, ME 47707",N,miles
871,Warren Sweeney,799-20-3547,"82499 Erik Stream
North Linda, MA 90925",Y,miles
872,James Hughes,669-51-8619,"434 Stacy Rest Suite 245
Johnsonland, TN 93401",N,miles
873,Robert Hawkins,557-89-6205,"71212 Nicole Springs
Ellisshire, DC 26261",Y,hours
874,Dale Bennett,532-81-1899,"6172 Baker Square
Port Matthewville, MN 86292",Y,hours
875,Daniel Roberts,558-05-6530,"635 Matthew Street Suite 416
Romeroborough, WY 66949",Y,miles
876,Sheri Wilson,749-93-1120,"91427 Steve Ports
South James, NM 89171",N,hours
877,Kendra Moore,052-52-1124,"5039 Michelle Extensions
Port Brianville, AS 76724",N,miles
878,Victoria Nicholson,704-06-3347,"2300 King Hill Suite 142
Marilynberg, MP 51795",Y,miles
879,Candice Bell,726-67-7558,"985 Joseph Plain Apt. 007
Andersonbury, MD 21547",Y,hours
880,Jennifer Castillo,277-30-1669,"18724 Jacob Groves
North Thomashaven, GU 26877",N,hours
881,Catherine Williams,654-85-8929,"116 Christopher Haven Suite 771
Lake Amanda, DC 61121",N,hours
882,Melissa Clark,297-62-3587,"8326 Dixon Ford Suite 743
New Jerrychester, SD 20258",Y,hours
883,Mary Rubio,626-74-3727,"476 Joshua Stream
Kaylaport, ID 50165",Y,hours
884,Jeanne Greer,429-47-9256,"9068 Sherry Heights Suite 561
Jeffreyberg, NY 10517",Y,miles
885,Rebecca Tyler,797-98-9035,"14281 Rose Route
West Daniellestad, HI 43581",Y,miles
886,Jennifer Atkins,162-04-2961,"4144 Mark Ridge
Richardbury, NJ 08828",Y,miles
887,Kristi Osborne,142-14-2115,"30709 Donna Prairie Suite 088
Port Chad, AZ 21364",N,hours
888,Jeffrey Martin,499-39-7208,"4228 Mcintosh Mountain Suite 894
Roberthaven, MS 46058",N,hours
889,David Moore,261-96-7624,"556 Robert Inlet
Owensfurt, DC 60821",Y,miles
890,Robert Jones,845-51-3156,"35285 Tina Port
Gomezfort, CA 56540",N,miles
891,Christina Avila,821-79-6547,"21256 Autumn Hill
Powellland, MD 88446",Y,hours
892,Raymond Clark,524-03-1207,"48992 Cheryl Corner
Jonathanmouth, WY 78703",N,miles
893,Tami Wood,704-75-0303,"284 Candice Glens Apt. 210
West Katelynstad, CT 43221",N,miles
894,Jacob Miller,698-12-3087,"816 Hall Village
West Caitlin, AK 91843",N,hours
895,Patricia Stokes,561-47-3311,"5136 Hart Fork
North Donnabury, NY 99382",N,hours
896,Ashley Thompson,216-31-1074,"7177 Stone Lake
Leechester, IN 22741",Y,miles
897,Kenneth Rodriguez,126-46-8698,"3975 Jeremy Squares Apt. 873
Coopershire, RI 31065",N,hours
898,Tyler Graham,149-30-4644,"682 Alicia Stream
South Danielleport, ME 05161",Y,hours
899,Robert Hernandez,836-63-9261,"9833 Bolton Light
Jacquelineview, KY 95943",N,miles
900,Stephanie Long,761-16-1703,"4061 Hanna Ports
Perryland, OR 99251",Y,miles
901,Adam Lee,696-46-3981,"875 John Court
New Christopherstad, AZ 93979",N,miles
902,Curtis Galloway,042-40-6751,"390 Anderson Lake
Danielton, UT 62743",N,hours
903,Tyler Page,839-82-8888,"Unit 0977 Box 4044
DPO AE 68970",N,miles
904,Lawrence Johnson,612-48-1664,"46421 Gates Mills Apt. 633
Aliciaborough, MA 42259",N,miles
905,Tiffany Lawson,320-22-1653,"32411 Douglas Tunnel Suite 945
Emilystad, NJ 95247",Y,hours
906,Ryan Caldwell,442-01-6894,"13746 Justin Creek
East Christopherville, MO 38409",Y,hours
907,Gerald Richardson,434-42-0167,"6686 Wright Lane Suite 599
Travishaven, WV 88198",Y,hours
908,Christopher Baldwin,105-50-4666,"918 Cooper Crest
Alvaradoville, AL 41072",Y,hours
909,Rebekah Dominguez,312-58-3492,"952 Charles Dam
Leeberg, RI 05090",N,hours
910,Sierra Walker,475-32-7652,"2337 John Station
New Feliciabury, MS 97055",Y,hours
911,Elizabeth Castillo,881-97-6225,"25432 Thompson Locks
Davisborough, TN 39450",N,hours
912,Julie Fuller,074-84-7348,"71110 Walker Parks Suite 603
North Nicolefurt, MN 91377",N,hours
913,David Esparza,415-92-8685,"4923 Joseph Vista
Coxmouth, VT 19020",N,hours
914,Brandon James,625-92-7465,"1876 Julia Junctions Suite 358
Pottsburgh, KS 32571",Y,miles
915,Gina Martinez,647-56-6810,"452 Michael Ways Apt. 667
Lake Cynthia, PA 72727",N,hours
916,Alexis Christensen,866-70-8786,"4631 Ryan Harbors Suite 486
West Dennisberg, KS 37189",Y,miles
917,Samuel Keller,676-19-5428,"89095 Allen Expressway
Steventon, ME 40545",Y,hours
918,Laura King,736-12-5046,"USNS Cervantes
FPO AP 58592",N,miles
919,Charlotte Salinas,255-22-5566,"Unit 2658 Box 6339
DPO AP 28947",N,miles
920,Kaitlin Hopkins,082-85-2067,"1099 Martinez Lakes Suite 706
East Marystad, TN 92672",Y,miles
921,Ryan Barnett,501-46-8452,"8944 Perkins Branch Suite 349
Jamesberg, DE 86518",N,hours
922,Alexander Martin,556-22-7904,"51570 Ronald Union
Bellton, AR 89303",N,hours
923,Jennifer Garza,024-87-2029,"024 Brittany Locks
South Larry, AS 12429",N,miles
924,Jenny Tate,423-20-9085,"33056 Beck Unions Suite 681
Ramosstad, AS 37684",Y,miles
925,Melissa Pearson,513-19-5961,"00689 Shane Glen Suite 630
Pottershire, NJ 52417",Y,miles
926,Dennis Carroll,314-81-1484,"4460 Johnston Trail Apt. 023
Phillipsbury, HI 53307",N,miles
927,Melissa Thompson,887-56-3747,"3100 Robbins Shores
Tarabury, CA 32695",Y,hours
928,Allen Johnson,204-68-0685,"1854 Copeland Lights
South Amberton, TN 40675",N,miles
929,David Bradley,259-03-7147,"47543 Dalton Groves
Port Brandihaven, MI 80432",Y,miles
930,Joshua Baker,563-66-0564,"861 Phyllis Landing Apt. 673
West Ruth, KS 95091",Y,hours
931,Anthony King,501-43-5540,"USS Long
FPO AE 49312",Y,miles
932,Sara Schneider,285-93-2104,"931 Brown Field
Port Rachelstad, PA 01890",N,miles
933,Jared Thompson,333-85-6713,"992 Kim Station
East Shaneborough, NC 65580",N,hours
934,Maria Hunt,707-56-6399,"5570 Moore Passage Suite 417
Scottchester, WI 59914",N,hours
935,Brian Cline,771-57-7286,"0202 Nancy Stravenue
Justinport, GU 37047",N,miles
936,Justin Cole,454-05-9013,"0274 Frost Cliffs
North Laurenport, MI 45862",Y,miles
937,Timothy Ramsey,262-83-2378,"93566 Donald Ridge
Lake Robertfort, RI 14346",Y,miles
938,Deanna Andrews,736-80-3237,"982 Miller Loaf
Port Hayleyhaven, MN 73450",N,hours
939,Bryan Martin,416-89-4979,"71507 Rivera Forest
North Charles, CO 14641",N,miles
940,Darlene Doyle MD,052-07-1259,"83987 Wood Bypass
West Arielmouth, KS 34924",Y,miles
941,Nicole Castillo,155-48-2500,"Unit 5016 Box 0492
DPO AP 70376",Y,miles
942,Marc Stone,220-26-9058,"USNV Chase
FPO AA 18556",N,miles
943,Julie Chang,737-21-3342,"2367 Long Lake Suite 271
West Phillipborough, OR 56295",N,hours
944,Olivia Rivera,754-27-4201,"3349 Maria Crest Apt. 241
East Kyle, NM 99115",N,hours
945,Sarah Atkins,032-18-7202,"4024 Lawrence Loaf Suite 497
West Thomasmouth, NJ 24999",Y,miles
946,Jessica Haynes,606-01-5204,"4059 Clinton Mills Suite 905
Huberland, AS 63946",Y,miles
947,Casey Michael,044-16-8455,"9523 Hammond Oval Apt. 821
Oliviaton, AL 49830",N,hours
948,Gregory Silva,217-33-5428,"382 Gary Circles Suite 032
Johnstonmouth, UT 48675",N,hours
949,Jonathon Bailey,462-28-7686,"47707 Mitchell Meadows Apt. 996
North Richardstad, WI 64925",Y,hours
950,Kayla Humphrey,400-70-6869,"1118 Kelly Rue Suite 927
Aliciamouth, AR 14225",N,miles
951,Brandon Brennan,719-60-9727,"640 Hayden Landing
New Steve, SC 94082",Y,hours
952,Jessica Gaines,043-73-3095,"4406 Emily Hills Apt. 895
South Abigail, ME 93508",N,hours
953,Nathan Hudson,013-37-0175,"94738 Laurie Lake
Barbershire, AR 49028",N,hours
954,Jillian Weaver,479-10-7278,"096 Kyle Streets Apt. 246
South Raymondland, CA 31894",Y,hours
955,Amanda Jacobson,881-86-6694,"46778 Sarah Ramp Apt. 066
West Jeanne, NH 84667",N,hours
956,Rita Turner,269-50-1953,"639 Padilla Camp Apt. 716
North Angela, NH 84395",Y,hours
957,Ronald Lopez,829-93-9684,"1228 Jesse Square
Marissastad, NE 31951",N,hours
958,Robert Wyatt,042-47-4434,"85638 Pamela Points
Taylortown, IN 15531",N,miles
959,James Gonzales,453-99-3066,"4716 Howard Crossing
Lake Amandaside, KY 59631",N,hours
960,Veronica Hughes,281-73-5501,"USNS Taylor
FPO AP 40731",Y,hours
961,Kristina Cruz,599-01-1737,"Unit 4108 Box 2749
DPO AA 50455",N,hours
962,Marie Martinez,866-97-9241,"USS Watson
FPO AP 20700",Y,hours
963,David Wiley,362-82-7998,"PSC 6303, Box 2757
APO AE 65630",N,miles
964,Gary King,663-70-2273,"1194 Lisa Pass Suite 541
Bryanland, OR 27984",N,miles
965,Becky Cherry,609-12-9814,"955 Collins Pike
East Jenniferport, NH 51294",Y,miles
966,Karen Nichols,568-75-6436,"69791 Shaffer Forks
South Anna, DC 34296",N,miles
967,Joshua Day,345-01-7704,"116 Ashley Forges Apt. 670
Jessicamouth, FM 60061",Y,miles
968,Ashley Stokes,411-12-9821,"561 Andre Passage Suite 406
South Thomas, NH 48308",N,miles
969,Melissa Lewis,024-61-5601,"2033 Christine Harbor
East Aaronmouth, AR 42506",Y,hours
970,Michael Harris,577-50-7219,"USNV Weiss
FPO AA 16856",N,hours
971,Vicki Miller,097-44-4602,"0176 Underwood Fords
Kevinland, NH 95054",N,hours
972,Matthew Carrillo,306-26-1801,"623 Eric Skyway
New Shawn, RI 31458",N,hours
973,Blake Hughes,759-73-9927,"6870 Patterson Stream Apt. 802
Jasonland, ID 20968",Y,miles
974,Jordan Medina,127-96-8083,"278 Phelps Roads Suite 791
East Rebeccamouth, LA 40063",Y,miles
975,Audrey Bush,834-09-5305,"5803 Davis Skyway Suite 738
Waltersside, HI 83813",Y,hours
976,Theresa Davis,472-90-4125,"2919 Smith River Apt. 378
Walterton, DC 48964",Y,miles
977,Jesse Ali,323-31-4333,"96981 Michelle Green
Alexandershire, AS 07299",Y,miles
978,Bradley Williams,048-19-2100,"46470 Elizabeth Rapids Apt. 444
West Philipfort, MN 90735",N,miles
979,Cory Beltran,214-70-0455,"83818 Bobby Crescent Suite 065
East Lisa, ID 30339",Y,miles
980,Jeffrey Torres,063-75-2902,"616 Wilson Expressway Apt. 069
West Cynthiaville, AS 42700",N,hours
981,Edward Sanchez,587-42-5204,"580 Sullivan Place
Port Raymondmouth, FM 82643",Y,miles
982,David Jensen,665-52-2524,"4337 Darlene Divide Apt. 706
Randolphmouth, IL 22830",N,hours
983,Evelyn Gonzalez,478-19-2326,"2134 Jones Garden Apt. 984
Villanuevashire, NE 52796",Y,miles
984,Donald Randall,051-20-8455,"51322 Petty Circle
Grantburgh, OR 00537",N,hours
985,Vanessa Quinn,373-63-5396,"900 Scott Club Apt. 851
Clarkhaven, OH 55931",N,miles
986,Mr. Alex Coleman,384-44-8124,"43630 Martin Tunnel Suite 243
New Stephen, GA 96075",Y,hours
987,Jerome Reyes,817-62-7617,"5931 Stephens Trail Apt. 621
Port Daniel, OK 82614",N,hours
988,Amy White,198-04-5658,"Unit 6309 Box 7076
DPO AP 04983",N,hours
989,Amber Hansen,467-27-5071,"798 Brian Flats
Lake Jillian, PR 47831",N,miles
990,Benjamin Boone,879-63-0523,"8448 Douglas Crossroad Apt. 287
South Christinaport, LA 41507",Y,hours
991,Nicholas Silva,789-04-2774,"8104 Jason Locks Suite 899
Rushchester, MS 04497",N,hours
992,Jennifer Martin,546-15-5844,"069 Perez Motorway
Ellenville, NM 06428",N,miles
993,Randy Baker,080-75-9680,"7655 Webb Ports Suite 238
Phillipstown, VI 49812",N,miles
994,Jessica Flores,652-31-5511,"Unit 8518 Box 5192
DPO AE 16510",N,hours
995,Michael Arnold,297-17-8441,"9708 Vance Crossing Apt. 572
Elizabethmouth, WA 76525",Y,hours
996,Louis Bennett,795-22-9916,"6848 Heidi Fort
South Michaelmouth, MS 01073",Y,hours
997,Ricky Norman,329-02-6267,"53856 Brown Walk Apt. 960
Port Leslie, ME 86104",Y,miles
998,Madeline Collins,289-86-4918,"516 Mark Plains
East Michelestad, OH 79881",N,miles
999,Antonio James,258-23-4179,"35272 Foster Parkway
Port Williamton, MT 64265",N,miles
1000,Sandra Smith,559-37-7849,"26470 Dixon Drive Suite 395
South Michelleside, CT 23768",Y,miles
1001,Krista Brewer,546-18-5225,"623 Carroll Land
South Ashley, AS 39523",Y,hours
1002,Linda Hayden,651-26-6983,"23459 Anthony Parkways Apt. 849
East Nancy, LA 19722",N,hours
1003,David Noble,724-81-3941,"977 Adam Gateway Suite 335
Josephchester, FM 60480",N,miles
1004,Michael Lane,839-37-3730,"926 Harris Burgs Suite 368
Stephenburgh, LA 70937",N,miles
1005,Amanda Hardin,069-09-7477,"6459 Edwin Canyon
Timton, WI 60041",N,hours
1006,Elizabeth Gomez,710-48-4184,"48529 Emily Crescent Apt. 550
East Williamport, MD 95045",Y,miles
1007,Matthew Hamilton,786-87-8489,"5888 Ramirez Rest Apt. 007
Deannaside, VT 10401",N,miles
1008,Tyler Smith,157-70-2423,"770 Kyle View
Michaelport, LA 72282",N,miles
1009,Darlene Ross,278-59-0562,"21747 Thompson Crescent
West Jennifermouth, IL 69623",Y,hours
